Rk,Player,Pos,Age,Tm,G,GS,MP,FG,FGA,FG%,3P,3PA,3P%,2P,2PA,2P%,eFG%,FT,FTA,FT%,ORB,DRB,TRB,AST,STL,BLK,TOV,PF,PS/G
1,Alex Abrines\abrinal01,SG,25,OKC,31,2,19.0,1.8,5.1,.357,1.3,4.1,.323,0.5,1.0,.500,.487,0.4,0.4,.923,0.2,1.4,1.5,0.6,0.5,0.2,0.5,1.7,5.3
2,Quincy Acy\acyqu01,PF,28,PHO,10,0,12.3,0.4,1.8,.222,0.2,1.5,.133,0.2,0.3,.667,.278,0.7,1.0,.700,0.3,2.2,2.5,0.8,0.1,0.4,0.4,2.4,1.7
3,Jaylen Adams\adamsja01,PG,22,ATL,10,0,4.5,0.4,1.2,.333,0.3,0.7,.429,0.1,0.5,.200,.458,0.2,0.2,1.000,0.1,0.3,0.4,0.6,0.3,0.1,0.2,0.4,1.3
4,Steven Adams\adamsst01,C,25,OKC,55,55,33.9,6.3,10.3,.607,0.0,0.0,.000,6.3,10.3,.608,.607,2.2,4.0,.550,4.5,5.0,9.5,1.7,1.6,0.8,1.6,2.5,14.7
5,Bam Adebayo\adebaba01,C,21,MIA,56,6,22.1,2.9,5.2,.562,0.0,0.2,.111,2.9,5.1,.576,.563,2.0,2.7,.719,2.1,4.6,6.7,2.0,0.8,0.8,1.4,2.5,7.8
6,Deng Adel\adelde01,SF,21,CLE,12,3,13.2,0.8,2.5,.300,0.4,1.7,.250,0.3,0.8,.400,.383,0.2,0.2,1.000,0.2,0.9,1.1,0.3,0.1,0.3,0.4,0.9,2.1
7,DeVaughn Akoon-Purcell\akoonde01,SG,25,DEN,7,0,3.1,0.4,1.4,.300,0.0,0.6,.000,0.4,0.9,.500,.300,0.1,0.3,.500,0.1,0.4,0.6,0.9,0.3,0.0,0.3,0.6,1.0
8,LaMarcus Aldridge\aldrila01,C,33,SAS,58,58,32.7,8.2,16.1,.509,0.1,0.4,.217,8.1,15.7,.516,.512,4.5,5.3,.845,3.1,5.9,9.0,2.6,0.5,1.2,1.9,2.2,21.0
9,Rawle Alkins\alkinra01,SG,21,CHI,3,0,2.0,0.3,1.3,.250,0.3,0.3,1.000,0.0,1.0,.000,.375,0.0,0.0,,1.0,0.0,1.0,0.7,0.3,0.0,0.0,0.3,1.0
10,Grayson Allen\allengr01,SG,23,UTA,28,1,9.9,1.2,3.9,.312,0.7,2.5,.275,0.5,1.4,.375,.399,1.0,1.3,.750,0.0,0.4,0.4,0.6,0.1,0.1,0.6,1.1,4.1
11,Jarrett Allen\allenja01,C,20,BRK,57,57,27.0,4.3,7.5,.572,0.1,0.6,.162,4.2,6.9,.611,.579,2.5,3.4,.738,2.6,6.1,8.6,1.5,0.6,1.6,1.4,2.2,11.2
12,Kadeem Allen\allenka01,SG,26,NYK,10,1,22.5,3.7,7.6,.487,0.8,1.6,.500,2.9,6.0,.483,.539,1.9,2.6,.731,0.5,2.4,2.9,4.5,0.8,0.1,1.1,2.6,10.1
13,Al-Farouq Aminu\aminual01,PF,28,POR,57,57,29.0,3.1,7.2,.435,1.3,3.6,.358,1.8,3.6,.512,.524,1.9,2.2,.849,1.5,6.4,7.9,1.3,0.9,0.4,0.8,1.9,9.4
14,Justin Anderson\anderju01,SF,25,ATL,30,0,8.1,1.1,2.8,.381,0.3,1.3,.200,0.8,1.5,.545,.429,0.5,0.7,.762,0.4,1.1,1.5,0.4,0.4,0.2,0.4,0.9,2.9
15,Kyle Anderson\anderky01,SF,25,MEM,43,40,29.8,3.5,6.4,.543,0.2,0.8,.265,3.3,5.6,.583,.560,0.9,1.5,.578,1.1,4.7,5.8,3.0,1.3,0.9,1.3,2.6,8.0
16,Ryan Anderson\anderry01,PF,30,TOT,16,8,17.5,1.2,3.8,.317,0.4,2.1,.206,0.8,1.6,.462,.375,0.7,0.9,.786,0.9,1.9,2.8,1.1,0.2,0.1,0.8,1.4,3.5
16,Ryan Anderson\anderry01,PF,30,PHO,15,8,18.5,1.3,4.0,.317,0.5,2.3,.206,0.8,1.7,.462,.375,0.7,0.9,.786,0.9,2.1,3.0,1.1,0.2,0.1,0.8,1.5,3.7
16,Ryan Anderson\anderry01,PF,30,MIA,1,0,2.0,0.0,0.0,,0.0,0.0,,0.0,0.0,,,0.0,0.0,,0.0,0.0,0.0,1.0,0.0,0.0,0.0,0.0,0.0
17,Ike Anigbogu\anigbik01,C,20,IND,3,0,2.0,0.0,1.0,.000,0.0,0.0,,0.0,1.0,.000,.000,0.0,0.0,,0.3,0.7,1.0,0.3,0.0,0.3,0.3,0.0,0.0
18,Giannis Antetokounmpo\antetgi01,PF,24,MIL,53,53,33.2,10.0,17.2,.581,0.5,2.5,.223,9.5,14.8,.640,.597,6.6,9.2,.717,2.3,10.4,12.7,6.0,1.4,1.4,3.8,3.4,27.2
19,Carmelo Anthony\anthoca01,PF,34,HOU,10,2,29.4,4.9,12.1,.405,2.1,6.4,.328,2.8,5.7,.491,.492,1.5,2.2,.682,0.9,4.5,5.4,0.5,0.4,0.7,0.8,3.2,13.4
20,OG Anunoby\anunoog01,SF,21,TOR,48,5,20.3,2.8,6.4,.443,1.1,3.3,.333,1.8,3.1,.556,.528,0.4,0.9,.452,0.8,2.3,3.1,0.7,0.7,0.2,0.7,2.2,7.1
21,Ryan Arcidiacono\arcidry01,PG,24,CHI,57,25,24.6,1.9,4.5,.415,1.1,3.0,.361,0.8,1.6,.517,.533,0.8,0.9,.904,0.2,2.1,2.4,3.6,0.9,0.0,0.8,2.1,5.6
22,Trevor Ariza\arizatr01,SF,33,TOT,54,54,35.4,4.4,11.0,.397,2.2,6.5,.335,2.2,4.4,.488,.497,1.9,2.3,.806,0.6,4.9,5.6,3.8,1.5,0.2,1.6,1.9,12.7
22,Trevor Ariza\arizatr01,SF,33,PHO,26,26,34.0,3.3,8.7,.379,1.9,5.3,.360,1.4,3.4,.409,.489,1.4,1.7,.837,0.6,5.0,5.6,3.3,1.5,0.3,1.5,1.7,9.9
22,Trevor Ariza\arizatr01,SF,33,WAS,28,28,36.6,5.3,13.0,.408,2.4,7.6,.319,2.9,5.4,.533,.501,2.3,2.9,.790,0.7,4.9,5.6,4.3,1.5,0.2,1.8,2.1,15.4
23,D.J. Augustin\augusdj01,PG,31,ORL,58,58,27.7,3.6,7.8,.467,1.6,3.7,.426,2.1,4.1,.504,.569,2.5,2.9,.873,0.5,1.7,2.2,4.9,0.6,0.0,1.5,1.4,11.4
24,Deandre Ayton\aytonde01,C,20,PHO,53,52,30.9,7.3,12.4,.588,0.0,0.1,.000,7.3,12.3,.591,.588,2.0,2.6,.772,3.1,7.4,10.5,2.0,0.8,0.9,1.8,2.8,16.5
25,Dwayne Bacon\bacondw01,SG,23,CHO,25,0,10.6,1.8,3.4,.524,0.5,1.0,.520,1.2,2.4,.525,.601,0.4,0.5,.833,0.1,1.4,1.6,0.7,0.1,0.0,0.5,1.1,4.4
26,Marvin Bagley\baglema01,PF,19,SAC,43,1,24.2,5.1,10.0,.515,0.3,1.3,.255,4.8,8.7,.553,.531,2.7,3.9,.685,2.3,4.6,6.9,1.0,0.5,1.0,1.6,2.1,13.3
27,Ron Baker\bakerro01,SG,25,TOT,15,0,10.1,0.3,1.3,.200,0.1,0.9,.077,0.2,0.5,.429,.225,0.3,0.4,.833,0.1,0.7,0.7,1.0,0.4,0.1,0.3,1.2,0.9
27,Ron Baker\bakerro01,SG,25,NYK,11,0,9.7,0.4,1.5,.250,0.1,0.8,.111,0.3,0.6,.429,.281,0.5,0.5,.833,0.1,0.5,0.6,1.2,0.5,0.0,0.3,1.5,1.3
27,Ron Baker\bakerro01,SG,25,WAS,4,0,11.3,0.0,1.0,.000,0.0,1.0,.000,0.0,0.0,,.000,0.0,0.0,,0.0,1.0,1.0,0.5,0.3,0.3,0.5,0.5,0.0
28,Wade Baldwin\baldwwa01,PG,22,POR,16,0,5.9,0.6,2.1,.303,0.1,0.6,.222,0.5,1.5,.333,.333,0.5,0.7,.727,0.1,0.8,0.9,0.8,0.1,0.1,0.9,0.7,1.9
29,Lonzo Ball\balllo01,PG,21,LAL,47,45,30.3,3.9,9.7,.406,1.6,4.9,.329,2.3,4.9,.482,.488,0.4,1.0,.417,1.1,4.2,5.3,5.4,1.5,0.4,2.2,2.4,9.9
30,Mohamed Bamba\bambamo01,C,20,ORL,47,1,16.3,2.5,5.2,.481,0.4,1.5,.300,2.0,3.7,.555,.525,0.8,1.3,.587,1.4,3.6,5.0,0.8,0.3,1.4,0.9,2.2,6.2
31,J.J. Barea\bareajo01,PG,34,DAL,38,0,19.8,4.2,10.1,.418,1.0,3.4,.297,3.2,6.8,.479,.468,1.4,2.1,.705,0.3,2.2,2.5,5.6,0.6,0.0,1.9,1.3,10.9
32,Harrison Barnes\barneha02,PF-SF,26,TOT,52,52,32.5,5.8,14.5,.402,2.4,6.4,.384,3.4,8.1,.416,.486,3.3,4.0,.840,0.8,3.6,4.4,1.4,0.7,0.2,1.4,1.6,17.4
32,Harrison Barnes\barneha02,PF,26,DAL,49,49,32.3,5.9,14.6,.404,2.5,6.3,.389,3.4,8.3,.416,.489,3.4,4.0,.833,0.7,3.5,4.2,1.3,0.7,0.2,1.4,1.6,17.7
32,Harrison Barnes\barneha02,SF,26,SAC,3,3,36.0,4.3,12.3,.351,2.0,6.7,.300,2.3,5.7,.412,.432,2.7,2.7,1.000,1.3,6.0,7.3,3.0,1.3,0.0,1.7,2.0,13.3
33,Will Barton\bartowi01,SG,28,DEN,18,13,26.6,4.4,10.7,.409,1.6,4.3,.359,2.8,6.4,.443,.482,1.7,2.2,.795,0.9,3.5,4.4,3.4,0.3,0.6,1.5,2.0,12.1
34,Keita Bates-Diop\bateske01,SF,23,MIN,6,0,5.7,0.5,1.8,.273,0.0,0.8,.000,0.5,1.0,.500,.273,0.0,0.3,.000,0.0,1.0,1.0,0.0,0.0,0.2,0.2,0.3,1.0
35,Nicolas Batum\batumni01,SF,30,CHO,57,57,31.2,3.4,7.4,.460,1.4,3.7,.386,2.0,3.7,.533,.556,1.1,1.3,.849,0.9,4.3,5.2,3.4,1.0,0.5,1.6,1.8,9.3
36,Jerryd Bayless\bayleje01,PG,30,MIN,19,6,21.2,2.5,7.4,.333,1.2,3.7,.329,1.3,3.7,.338,.415,0.4,0.6,.583,0.4,1.6,2.0,3.9,0.5,0.1,1.0,1.7,6.5
37,Aron Baynes\baynear01,C,32,BOS,34,10,14.9,2.0,4.4,.466,0.5,1.4,.333,1.6,2.9,.530,.520,1.1,1.4,.848,1.8,2.6,4.3,1.1,0.2,0.6,0.8,2.4,5.7
38,Kent Bazemore\bazemke01,SG,29,ATL,44,30,25.5,4.8,10.8,.439,1.4,4.4,.318,3.4,6.5,.521,.503,2.2,3.0,.725,0.5,3.3,3.8,2.5,1.6,0.8,2.0,2.6,13.0
39,Bradley Beal\bealbr01,SG,25,WAS,58,58,37.2,9.2,19.6,.472,2.5,7.2,.349,6.7,12.4,.543,.536,4.2,5.1,.815,1.1,3.9,5.1,5.4,1.4,0.8,2.9,3.0,25.1
40,Malik Beasley\beaslma01,SG,22,DEN,57,14,24.1,4.6,9.1,.503,2.1,4.8,.433,2.5,4.3,.581,.617,0.7,0.8,.886,0.4,2.1,2.5,1.2,0.7,0.1,0.6,1.5,12.0
41,Michael Beasley\beaslmi01,PF,30,LAL,26,2,10.7,2.9,5.9,.490,0.1,0.7,.176,2.8,5.2,.529,.500,1.1,1.5,.718,0.5,1.8,2.3,1.0,0.3,0.4,1.0,1.6,7.0
42,Marco Belinelli\belinma01,SG,32,SAS,57,1,22.7,3.7,8.8,.418,1.9,5.1,.385,1.7,3.8,.463,.529,1.6,1.8,.920,0.2,2.1,2.3,1.9,0.5,0.1,0.9,1.6,10.9
43,Jordan Bell\belljo01,C,24,GSW,48,2,11.1,1.3,2.6,.516,0.0,0.0,.000,1.3,2.6,.520,.516,0.3,0.4,.667,0.8,1.8,2.6,1.2,0.3,0.8,0.5,1.2,3.0
44,DeAndre' Bembry\bembrde01,SG,24,ATL,58,15,24.3,3.2,7.5,.429,0.6,2.2,.287,2.6,5.3,.489,.471,0.9,1.5,.618,0.5,3.6,4.1,2.5,1.2,0.5,1.7,2.4,8.0
45,Dragan Bender\bendedr01,PF,21,PHO,24,7,12.5,1.4,3.5,.405,0.3,1.9,.156,1.1,1.6,.692,.446,0.7,1.0,.667,0.7,2.2,2.8,0.9,0.2,0.1,0.7,1.2,3.8
46,Davis Bertans\bertada01,PF,26,SAS,53,10,21.3,2.8,5.8,.485,2.1,4.3,.476,0.7,1.4,.513,.664,0.7,0.8,.875,0.3,3.1,3.5,1.2,0.5,0.5,0.6,1.7,8.3
47,Patrick Beverley\beverpa01,PG,30,LAC,59,30,26.8,2.3,5.8,.399,1.3,3.4,.383,1.0,2.4,.421,.512,1.4,1.7,.777,0.8,3.8,4.7,3.5,0.8,0.5,1.1,3.4,7.3
48,Khem Birch\birchkh01,C,26,ORL,27,0,10.9,1.3,2.3,.590,0.0,0.0,.000,1.3,2.2,.600,.590,0.9,1.0,.821,1.0,2.2,3.2,0.7,0.3,0.7,0.3,1.0,3.5
49,Bismack Biyombo\biyombi01,C,26,CHO,31,17,15.2,1.6,2.9,.567,0.0,0.0,,1.6,2.9,.567,.567,1.1,1.7,.648,1.5,3.3,4.8,0.6,0.3,1.1,0.6,2.0,4.4
50,Nemanja Bjelica\bjeline01,PF,30,SAC,56,55,23.3,3.8,7.8,.483,1.4,3.4,.422,2.3,4.4,.531,.576,0.9,1.2,.765,1.7,4.1,5.8,1.9,0.7,0.8,1.2,2.6,9.9
51,Antonio Blakeney\blakean01,SG,22,CHI,42,0,13.8,2.9,6.8,.423,0.8,1.7,.457,2.1,5.1,.411,.479,0.9,1.3,.679,0.1,1.4,1.5,0.5,0.2,0.2,0.6,0.6,7.4
52,Eric Bledsoe\bledser01,PG,29,MIL,56,56,29.1,6.1,12.3,.492,1.6,4.8,.321,4.5,7.5,.603,.555,2.2,2.8,.766,1.0,3.5,4.5,5.4,1.5,0.4,2.1,2.1,15.8
53,Jaron Blossomgame\blossja01,SF,25,CLE,27,4,16.3,1.7,3.9,.443,0.4,1.4,.256,1.4,2.5,.552,.491,0.4,0.5,.769,1.0,2.7,3.6,0.5,0.3,0.3,0.4,0.7,4.2
54,Bogdan Bogdanovic\bogdabo01,SG,26,SAC,45,9,28.0,5.5,12.9,.424,1.8,5.5,.332,3.7,7.4,.493,.495,2.0,2.5,.807,0.5,3.1,3.6,4.0,1.1,0.2,1.8,2.0,14.8
55,Bojan Bogdanovic\bogdabo02,SF,29,IND,58,58,31.8,6.0,12.2,.494,2.0,4.7,.426,4.1,7.6,.537,.576,2.7,3.3,.828,0.5,3.5,4.0,1.8,0.8,0.0,1.6,1.7,16.8
56,Jonah Bolden\boldejo01,PF,23,PHI,28,3,12.5,1.5,3.0,.488,0.5,1.7,.319,0.9,1.3,.703,.577,0.3,0.6,.444,0.9,2.6,3.5,0.6,0.3,0.9,0.8,2.1,3.8
57,Isaac Bonga\bongais01,PG,19,LAL,8,0,3.9,0.3,1.3,.200,0.0,0.3,.000,0.3,1.0,.250,.200,0.5,0.9,.571,0.4,0.4,0.8,0.8,0.4,0.0,0.3,0.4,1.0
58,Devin Booker\bookede01,SG,22,PHO,44,44,34.8,8.7,18.8,.460,2.1,6.4,.325,6.6,12.5,.529,.515,5.2,6.1,.848,0.6,3.4,4.0,6.7,0.9,0.2,3.9,3.3,24.6
59,Chris Boucher\bouchch01,PF,26,TOR,17,0,5.5,1.3,2.8,.458,0.6,1.5,.400,0.7,1.4,.522,.563,0.6,0.8,.846,0.6,1.0,1.6,0.0,0.2,0.9,0.1,1.0,3.8
60,Avery Bradley\bradlav01,SG,28,TOT,52,52,29.9,3.6,8.9,.402,1.2,3.5,.350,2.3,5.4,.436,.471,0.4,0.5,.800,0.7,2.0,2.7,2.1,0.6,0.3,1.3,2.7,8.8
60,Avery Bradley\bradlav01,SG,28,LAC,49,49,29.9,3.3,8.6,.383,1.2,3.5,.337,2.1,5.1,.415,.452,0.4,0.5,.800,0.7,2.0,2.7,2.0,0.6,0.3,1.2,2.7,8.2
60,Avery Bradley\bradlav01,SG,28,MEM,3,3,30.3,8.3,14.3,.581,2.0,3.7,.545,6.3,10.7,.594,.651,0.0,0.0,,0.0,2.7,2.7,4.3,1.0,0.0,2.3,1.7,18.7
61,Tony Bradley\bradlto01,C,21,UTA,1,0,9.0,0.0,3.0,.000,0.0,0.0,,0.0,3.0,.000,.000,0.0,0.0,,2.0,1.0,3.0,0.0,0.0,0.0,1.0,1.0,0.0
62,Corey Brewer\breweco01,SF,32,PHI,7,3,20.0,2.9,7.0,.408,0.6,2.0,.286,2.3,5.0,.457,.449,1.3,1.9,.692,0.6,1.9,2.4,1.4,1.7,0.3,1.1,2.3,7.6
63,Mikal Bridges\bridgmi01,SF,22,PHO,59,45,27.8,2.9,6.8,.434,1.4,3.9,.352,1.6,2.9,.544,.535,1.0,1.2,.781,0.7,2.4,3.1,1.8,1.5,0.5,0.8,2.5,8.2
64,Miles Bridges\bridgmi02,SF,20,CHO,55,0,18.9,2.5,5.6,.447,0.7,2.2,.309,1.8,3.4,.538,.508,0.8,1.1,.729,0.6,2.9,3.5,1.0,0.5,0.6,0.6,1.3,6.5
65,Isaiah Briscoe\briscis01,PG,22,ORL,34,0,13.4,1.2,3.2,.385,0.3,0.8,.370,0.9,2.4,.390,.431,0.3,0.5,.500,0.1,1.7,1.8,2.2,0.2,0.0,0.7,1.6,3.0
66,Ryan Broekhoff\broekry01,SG,28,DAL,26,0,8.0,1.1,2.4,.444,0.7,1.9,.388,0.3,0.5,.643,.595,0.1,0.1,1.000,0.1,0.9,1.0,0.5,0.1,0.1,0.2,0.6,3.0
67,Malcolm Brogdon\brogdma01,SG,26,MIL,53,53,29.2,6.0,11.8,.506,1.5,3.7,.408,4.5,8.1,.550,.569,2.3,2.4,.938,1.0,3.7,4.8,3.3,0.7,0.2,1.5,1.6,15.8
68,Dillon Brooks\brookdi01,SF,23,MEM,18,0,18.3,2.7,6.8,.402,0.8,2.2,.375,1.9,4.6,.415,.463,1.2,1.7,.733,0.5,1.2,1.7,0.9,0.6,0.2,1.1,2.8,7.5
69,MarShon Brooks\brookma01,SG,30,MEM,29,0,13.3,2.6,5.8,.450,0.5,1.9,.278,2.1,4.0,.530,.494,0.8,1.1,.697,0.4,1.1,1.6,0.9,0.3,0.1,0.7,1.1,6.6
70,Bruce Brown\brownbr01,SG,22,DET,49,31,19.8,1.8,4.7,.385,0.4,1.4,.268,1.4,3.3,.438,.426,0.6,0.9,.689,0.7,2.0,2.7,1.3,0.4,0.5,0.7,2.5,4.7
71,Jaylen Brown\brownja02,SG,22,BOS,53,23,26.0,4.9,10.8,.450,1.2,3.7,.316,3.7,7.1,.520,.504,1.8,2.7,.681,1.0,3.3,4.3,1.3,0.9,0.5,1.4,2.6,12.7
72,Lorenzo Brown\brownlo01,PG,28,TOR,26,0,8.2,0.9,2.7,.324,0.2,1.1,.214,0.7,1.7,.395,.366,0.1,0.1,1.000,0.2,1.0,1.2,1.1,0.5,0.2,0.6,0.8,2.1
73,Sterling Brown\brownst02,SG,23,MIL,46,0,16.2,2.1,4.6,.452,0.9,2.4,.364,1.2,2.2,.550,.548,0.4,0.5,.720,0.5,2.4,2.9,1.3,0.4,0.1,0.7,1.4,5.4
74,Troy Brown\browntr01,SF,19,WAS,29,0,7.2,0.9,2.2,.400,0.1,0.5,.267,0.8,1.7,.440,.431,0.5,0.7,.667,0.2,1.2,1.3,0.9,0.3,0.0,0.3,0.6,2.4
75,Jalen Brunson\brunsja01,PG,22,DAL,49,16,18.1,2.7,6.1,.432,0.6,1.8,.344,2.0,4.3,.469,.483,0.8,1.2,.667,0.3,1.8,2.0,2.4,0.5,0.0,1.0,1.4,6.8
76,Thomas Bryant\bryanth01,C,21,WAS,48,42,19.1,4.0,6.3,.638,0.4,1.0,.383,3.6,5.3,.685,.668,1.3,1.6,.816,1.4,4.3,5.7,1.1,0.3,0.8,0.7,1.6,9.7
77,Reggie Bullock\bullore01,SG,27,TOT,46,46,30.9,4.1,9.9,.414,2.5,6.6,.387,1.6,3.4,.465,.542,1.2,1.4,.875,0.4,2.4,2.8,2.5,0.6,0.2,1.2,1.8,12.0
77,Reggie Bullock\bullore01,SG,27,DET,44,44,30.8,4.1,10.0,.413,2.6,6.7,.388,1.5,3.3,.463,.542,1.3,1.5,.875,0.5,2.3,2.8,2.5,0.5,0.1,1.2,1.8,12.1
77,Reggie Bullock\bullore01,SG,27,LAL,2,2,33.0,3.5,8.0,.438,1.5,4.0,.375,2.0,4.0,.500,.531,0.0,0.0,,0.0,3.0,3.0,2.0,1.5,1.5,0.5,1.5,8.5
78,Trey Burke\burketr01,PG,26,TOT,38,7,20.1,4.2,10.1,.414,0.9,2.5,.365,3.3,7.6,.431,.460,1.8,2.2,.831,0.4,1.4,1.8,2.8,0.7,0.1,1.0,1.0,11.1
78,Trey Burke\burketr01,PG,26,NYK,33,7,20.9,4.5,10.8,.413,0.9,2.6,.349,3.6,8.2,.434,.455,1.9,2.3,.827,0.5,1.4,1.9,2.8,0.6,0.2,0.9,1.0,11.8
78,Trey Burke\burketr01,PG,26,DAL,5,0,14.8,2.2,5.2,.423,1.0,2.0,.500,1.2,3.2,.375,.519,1.4,1.6,.875,0.4,1.0,1.4,2.2,1.2,0.0,1.6,1.2,6.8
79,Alec Burks\burksal01,SG,27,TOT,54,24,23.9,3.5,8.5,.407,1.1,3.0,.374,2.3,5.5,.424,.473,2.1,2.5,.825,0.5,3.6,4.1,2.2,0.6,0.4,1.1,1.6,10.1
79,Alec Burks\burksal01,SG,27,UTA,17,0,15.8,2.8,6.7,.412,0.9,2.5,.372,1.8,4.2,.437,.482,1.9,2.2,.868,0.1,1.5,1.6,1.2,0.4,0.2,0.9,1.3,8.4
79,Alec Burks\burksal01,SG,27,CLE,34,24,28.8,4.0,10.0,.400,1.3,3.5,.378,2.7,6.5,.412,.466,2.3,2.9,.806,0.8,4.7,5.5,2.9,0.7,0.5,1.4,1.8,11.6
79,Alec Burks\burksal01,SG,27,SAC,3,0,14.3,1.3,2.0,.667,0.0,0.3,.000,1.3,1.7,.800,.667,0.3,0.3,1.000,0.3,2.7,3.0,1.0,0.3,0.0,0.3,0.0,3.0
80,Deonte Burton\burtode02,SG,25,OKC,20,0,9.4,1.4,3.0,.467,0.4,1.0,.350,1.1,2.0,.525,.525,0.3,0.4,.750,0.2,0.9,1.1,0.4,0.2,0.4,0.4,1.3,3.5
81,Jimmy Butler\butleji01,SF-SG,29,TOT,46,46,33.5,6.7,14.0,.482,1.2,3.3,.371,5.5,10.7,.516,.526,4.7,5.4,.859,1.7,3.4,5.1,3.9,2.0,0.6,1.4,1.7,19.3
81,Jimmy Butler\butleji01,SG,29,MIN,10,10,36.1,7.4,15.7,.471,1.7,4.5,.378,5.7,11.2,.509,.525,4.8,6.1,.787,1.6,3.6,5.2,4.3,2.4,1.0,1.4,1.8,21.3
81,Jimmy Butler\butleji01,SF,29,PHI,36,36,32.8,6.6,13.5,.486,1.1,2.9,.368,5.5,10.6,.518,.526,4.6,5.2,.883,1.7,3.4,5.0,3.8,1.9,0.5,1.4,1.7,18.8
82,Bruno Caboclo\cabocbr01,SF,23,MEM,11,1,20.2,2.0,5.5,.361,1.0,3.5,.282,1.0,2.0,.500,.451,1.3,1.3,1.000,0.9,2.5,3.4,0.9,0.5,1.3,0.8,2.5,6.3
83,Jose Calderon\caldejo01,PG,37,DET,46,0,13.5,1.0,2.6,.381,0.3,1.2,.250,0.7,1.3,.500,.441,0.2,0.2,.818,0.2,1.0,1.2,2.5,0.3,0.1,0.8,1.4,2.5
84,Kentavious Caldwell-Pope\caldwke01,SG,25,LAL,57,12,24.0,3.5,8.1,.433,1.6,4.7,.348,1.9,3.5,.548,.533,1.6,1.9,.850,0.6,2.2,2.8,1.1,0.9,0.1,0.7,1.5,10.3
85,Isaiah Canaan\canaais01,PG,27,TOT,26,16,23.0,2.4,6.1,.392,1.2,3.5,.352,1.2,2.6,.448,.494,0.7,0.9,.792,0.2,1.9,2.1,3.1,0.5,0.0,1.3,1.9,6.7
85,Isaiah Canaan\canaais01,PG,27,PHO,19,15,26.5,2.7,6.8,.395,1.3,3.8,.347,1.4,3.0,.456,.492,0.8,1.1,.750,0.3,2.3,2.6,3.3,0.6,0.0,1.5,2.4,7.5
85,Isaiah Canaan\canaais01,PG,27,MIN,7,1,13.6,1.6,4.1,.379,1.0,2.7,.368,0.6,1.4,.400,.500,0.6,0.6,1.000,0.0,0.7,0.7,2.7,0.3,0.1,0.6,0.6,4.7
86,Clint Capela\capelca01,C,24,HOU,42,42,34.2,7.5,11.9,.631,0.0,0.0,,7.5,11.9,.631,.631,2.6,4.1,.626,5.0,7.6,12.6,1.5,0.6,1.8,1.5,2.7,17.6
87,DeMarre Carroll\carrode01,SF,32,BRK,46,0,25.7,3.4,8.8,.386,1.6,4.5,.344,1.8,4.2,.431,.475,2.9,3.8,.750,1.0,4.1,5.2,1.3,0.5,0.2,1.1,1.6,11.2
88,Jevon Carter\carteje01,PG,23,MEM,25,3,15.2,1.0,4.3,.243,0.5,2.2,.232,0.5,2.0,.255,.304,0.3,0.5,.615,0.2,1.2,1.4,1.8,0.8,0.3,0.9,1.5,2.9
89,Vince Carter\cartevi01,SF,42,ATL,53,8,15.8,2.3,5.5,.429,1.4,3.6,.387,0.9,1.8,.510,.557,0.5,0.7,.667,0.4,2.2,2.6,1.0,0.6,0.3,0.6,1.7,6.5
90,Wendell Carter\cartewe01,C,19,CHI,44,44,25.2,4.1,8.4,.485,0.1,0.7,.188,4.0,7.7,.513,.493,2.0,2.5,.795,2.0,5.0,7.0,1.8,0.6,1.3,1.5,3.5,10.3
91,Michael Carter-Williams\cartemi01,PG,27,HOU,16,1,9.1,1.6,3.8,.410,0.4,1.2,.368,1.1,2.6,.429,.467,0.8,1.6,.462,0.2,0.6,0.8,1.3,0.6,0.4,0.6,1.7,4.3
92,Alex Caruso\carusal01,PG,24,LAL,5,0,4.0,0.4,0.8,.500,0.2,0.2,1.000,0.2,0.6,.333,.625,0.2,0.8,.250,0.2,0.0,0.2,0.2,0.0,0.4,0.0,0.6,1.2
93,Omri Casspi\casspom01,SF,30,MEM,36,0,14.4,2.4,4.5,.534,0.4,1.2,.349,2.0,3.3,.602,.581,1.1,1.6,.672,0.5,2.7,3.2,0.7,0.6,0.3,0.6,1.0,6.3
94,Willie Cauley-Stein\caulewi01,C,25,SAC,57,57,28.1,5.4,10.0,.539,0.0,0.0,.500,5.4,10.0,.540,.540,1.9,3.4,.546,2.4,6.1,8.5,2.6,1.3,0.7,1.2,3.1,12.7
95,Troy Caupain\caupatr01,PG,23,ORL,2,0,4.5,1.0,2.0,.500,0.5,1.0,.500,0.5,1.0,.500,.625,0.0,0.0,,0.0,1.0,1.0,1.5,0.5,0.0,0.0,0.0,2.5
96,Tyler Cavanaugh\cavanty01,PF,24,UTA,8,0,2.4,0.3,0.8,.333,0.0,0.4,.000,0.3,0.4,.667,.333,0.3,0.3,1.000,0.1,0.4,0.5,0.0,0.0,0.0,0.1,0.0,0.8
97,Tyson Chandler\chandty01,C,36,TOT,48,6,16.9,1.2,2.0,.608,0.0,0.0,.000,1.2,2.0,.615,.608,1.0,1.7,.593,1.9,4.2,6.1,0.7,0.4,0.5,0.8,2.1,3.5
97,Tyson Chandler\chandty01,C,36,PHO,7,0,12.7,1.1,1.7,.667,0.0,0.0,,1.1,1.7,.667,.667,1.4,2.6,.556,1.0,4.6,5.6,0.9,0.3,0.1,1.0,3.0,3.7
97,Tyson Chandler\chandty01,C,36,LAL,41,6,17.7,1.2,2.1,.600,0.0,0.0,.000,1.2,2.0,.607,.600,0.9,1.5,.603,2.0,4.1,6.1,0.7,0.4,0.5,0.7,2.0,3.4
98,Wilson Chandler\chandwi01,PF,31,PHI,36,32,26.4,2.5,5.8,.440,1.3,3.3,.390,1.3,2.5,.506,.551,0.4,0.5,.722,1.2,3.4,4.7,2.0,0.6,0.5,1.1,2.6,6.7
99,Joe Chealey\chealjo01,PG,23,CHO,1,0,8.0,1.0,3.0,.333,0.0,0.0,,1.0,3.0,.333,.333,0.0,0.0,,0.0,0.0,0.0,1.0,0.0,0.0,0.0,1.0,2.0
100,Marquese Chriss\chrisma01,PF,21,TOT,20,1,10.1,1.7,3.8,.440,0.5,1.6,.323,1.2,2.2,.523,.507,0.5,0.6,.833,0.7,2.0,2.7,0.5,0.3,0.2,0.9,1.5,4.3
100,Marquese Chriss\chrisma01,PF,21,HOU,16,0,6.5,0.7,2.1,.324,0.1,0.9,.067,0.6,1.2,.526,.338,0.4,0.4,.857,0.4,1.3,1.8,0.4,0.1,0.3,0.8,1.1,1.8
100,Marquese Chriss\chrisma01,PF,21,CLE,4,1,24.3,5.5,10.3,.537,2.3,4.0,.563,3.3,6.3,.520,.646,1.0,1.3,.800,1.8,4.5,6.3,1.0,1.0,0.0,1.3,3.3,14.3
101,Gary Clark\clarkga01,PF,24,HOU,37,1,14.3,0.9,3.0,.318,0.8,2.7,.290,0.2,0.3,.600,.450,0.2,0.2,1.000,0.5,2.1,2.5,0.4,0.4,0.6,0.1,1.0,2.8
102,Ian Clark\clarkia01,SG,27,NOP,41,0,13.0,1.7,4.3,.395,0.8,2.2,.344,1.0,2.1,.448,.483,0.3,0.4,.933,0.1,1.1,1.2,1.2,0.2,0.1,0.9,1.3,4.5
103,Jordan Clarkson\clarkjo01,SG,26,CLE,57,0,27.1,6.7,15.0,.448,1.9,5.6,.335,4.8,9.3,.517,.512,1.9,2.2,.835,1.0,2.5,3.5,2.4,0.7,0.2,1.7,1.5,17.2
104,John Collins\collijo01,PF,21,ATL,42,40,29.7,7.6,13.2,.574,0.9,2.5,.359,6.7,10.8,.623,.607,3.0,4.1,.749,3.5,6.0,9.5,2.1,0.3,0.4,2.1,3.4,19.1
105,Zach Collins\colliza01,C,21,POR,57,0,18.2,2.5,5.2,.473,0.5,1.5,.341,1.9,3.7,.529,.523,1.3,1.7,.781,1.4,2.9,4.3,0.9,0.4,0.8,1.0,2.5,6.8
106,Darren Collison\collida01,PG,31,IND,58,58,28.0,3.9,8.3,.471,1.1,2.5,.415,2.9,5.8,.496,.534,1.7,2.0,.821,0.4,2.5,2.9,5.9,1.4,0.1,1.5,1.8,10.5
107,Mike Conley\conlemi01,PG,31,MEM,56,56,33.5,6.8,15.8,.427,2.1,6.1,.354,4.6,9.8,.472,.494,4.3,5.1,.849,0.6,2.8,3.4,6.4,1.4,0.3,1.9,1.7,19.9
108,Pat Connaughton\connapa01,SG,26,MIL,37,1,16.9,2.3,5.2,.438,0.9,3.0,.288,1.4,2.2,.642,.521,0.4,0.6,.682,0.8,2.5,3.3,1.8,0.4,0.4,0.5,1.1,5.8
109,Quinn Cook\cookqu01,PG,25,GSW,49,8,14.4,2.7,6.1,.447,1.0,2.7,.373,1.7,3.4,.506,.530,0.3,0.4,.750,0.3,1.9,2.2,1.7,0.3,0.1,0.7,1.3,6.8
110,DeMarcus Cousins\couside01,C,28,GSW,11,11,23.4,4.5,10.7,.424,0.8,2.8,.290,3.7,7.9,.471,.462,4.0,5.5,.733,1.2,5.6,6.8,3.7,1.3,1.1,2.1,3.6,13.9
111,Robert Covington\covinro01,SF,28,TOT,35,35,34.4,4.5,10.3,.431,2.4,6.4,.378,2.0,3.9,.518,.548,1.9,2.5,.764,0.8,4.7,5.5,1.3,2.1,1.3,1.3,3.6,13.3
111,Robert Covington\covinro01,SF,28,PHI,13,13,33.8,3.8,9.0,.427,2.3,5.9,.390,1.5,3.1,.500,.556,1.3,1.8,.739,0.5,4.6,5.2,1.1,1.8,1.8,1.7,3.5,11.3
111,Robert Covington\covinro01,SF,28,MIN,22,22,34.7,4.8,11.1,.433,2.5,6.7,.372,2.3,4.4,.526,.545,2.3,3.0,.773,1.0,4.8,5.7,1.5,2.3,1.1,1.1,3.7,14.5
112,Allen Crabbe\crabbal01,SG,26,BRK,32,15,26.0,3.3,8.9,.368,2.5,6.1,.405,0.8,2.8,.289,.507,1.1,1.5,.766,0.4,3.0,3.4,1.1,0.6,0.3,1.1,2.4,10.2
113,Torrey Craig\craigto01,SF,28,DEN,52,37,22.4,2.3,5.3,.435,0.8,2.7,.295,1.5,2.6,.577,.509,0.6,1.0,.640,1.4,2.5,3.9,0.9,0.5,0.6,0.7,2.4,6.0
114,Jamal Crawford\crawfja01,SG,38,PHO,49,0,17.6,2.2,6.0,.366,0.8,2.7,.286,1.4,3.3,.432,.431,1.2,1.4,.817,0.1,1.1,1.2,3.4,0.4,0.2,1.5,1.2,6.4
115,Mitch Creek\creekmi01,SF,26,BRK,4,0,9.0,1.3,2.5,.500,0.0,0.3,.000,1.3,2.3,.556,.500,1.3,1.8,.714,1.3,1.3,2.5,1.3,0.3,0.0,0.0,0.8,3.8
116,Jae Crowder\crowdja01,SF,28,UTA,56,8,27.4,3.9,9.9,.393,2.2,6.5,.333,1.7,3.4,.508,.503,1.9,2.7,.691,0.8,3.9,4.7,1.6,0.8,0.4,1.2,2.1,11.8
117,Dante Cunningham\cunnida01,PF,31,SAS,53,21,15.9,1.3,2.7,.500,0.6,1.1,.500,0.8,1.5,.500,.606,0.2,0.3,.813,0.8,2.5,3.4,0.9,0.4,0.2,0.4,1.2,3.5
118,Seth Curry\curryse01,SG,28,POR,51,2,17.2,2.3,5.2,.442,1.3,2.8,.465,1.0,2.5,.416,.566,0.3,0.3,.882,0.3,1.1,1.4,1.0,0.4,0.1,0.7,1.4,6.2
119,Stephen Curry\curryst01,PG,30,GSW,46,46,34.3,9.6,19.6,.488,5.1,11.5,.444,4.4,8.0,.551,.619,4.3,4.7,.922,0.7,4.4,5.1,5.2,1.2,0.4,2.8,2.6,28.6
120,Troy Daniels\danietr01,SG,27,PHO,29,0,13.2,2.0,4.8,.407,1.3,3.6,.379,0.6,1.3,.486,.546,0.4,0.6,.750,0.2,0.9,1.1,0.3,0.6,0.1,0.6,1.3,5.7
121,Anthony Davis\davisan02,C,25,NOP,45,45,36.0,10.0,19.7,.508,0.9,2.8,.323,9.1,16.9,.539,.531,7.2,8.9,.810,3.2,9.7,12.9,4.2,1.6,2.5,2.0,2.6,28.1
122,Ed Davis\davised01,C,29,BRK,58,1,18.3,2.4,3.9,.616,0.0,0.0,.000,2.4,3.8,.622,.616,1.1,1.9,.584,2.8,5.8,8.6,0.8,0.5,0.5,0.8,2.8,5.9
123,Tyler Davis\davisty01,C,21,OKC,1,0,1.0,0.0,1.0,.000,0.0,0.0,,0.0,1.0,.000,.000,0.0,0.0,,1.0,0.0,1.0,0.0,0.0,0.0,0.0,0.0,0.0
124,Dewayne Dedmon\dedmode01,C,29,ATL,48,37,24.8,3.9,8.0,.488,1.3,3.4,.389,2.6,4.6,.561,.570,1.4,1.6,.861,1.5,5.5,7.0,1.3,1.0,1.0,1.4,3.4,10.6
125,Sam Dekker\dekkesa01,SF-PF,24,TOT,35,5,17.1,2.8,5.7,.497,0.4,1.2,.310,2.5,4.5,.548,.530,0.5,0.9,.600,1.2,2.3,3.5,0.9,0.9,0.2,0.5,1.0,6.5
125,Sam Dekker\dekkesa01,PF,24,CLE,9,5,18.8,2.4,5.3,.458,0.6,1.4,.385,1.9,3.9,.486,.510,0.9,1.1,.800,1.0,2.7,3.7,1.0,1.2,0.0,0.6,1.4,6.3
125,Sam Dekker\dekkesa01,SF,24,WAS,26,0,16.5,3.0,5.8,.510,0.3,1.1,.276,2.7,4.7,.566,.536,0.4,0.8,.500,1.2,2.2,3.4,0.9,0.8,0.3,0.5,0.9,6.6
126,Angel Delgado\delgaan01,C,24,LAC,1,0,14.0,1.0,4.0,.250,0.0,0.0,,1.0,4.0,.250,.250,1.0,2.0,.500,2.0,2.0,4.0,0.0,1.0,0.0,0.0,2.0,3.0
127,Matthew Dellavedova\dellama01,PG,28,TOT,41,0,16.6,2.1,5.0,.422,1.0,2.7,.358,1.1,2.3,.495,.517,0.9,1.1,.795,0.1,1.4,1.6,3.6,0.2,0.0,1.5,1.6,6.0
127,Matthew Dellavedova\dellama01,PG,28,MIL,12,0,8.1,0.5,1.6,.316,0.3,0.9,.364,0.2,0.7,.250,.421,0.3,0.3,1.000,0.0,0.8,0.8,2.4,0.2,0.0,0.9,0.8,1.7
127,Matthew Dellavedova\dellama01,PG,28,CLE,29,0,20.1,2.8,6.4,.432,1.2,3.4,.357,1.6,3.0,.517,.527,1.1,1.4,.775,0.2,1.7,1.9,4.1,0.2,0.0,1.7,1.9,7.8
128,Luol Deng\denglu01,SF,33,MIN,18,2,17.2,2.7,5.4,.500,0.7,2.1,.324,2.1,3.4,.607,.561,1.2,1.6,.724,1.1,2.5,3.6,0.7,0.6,0.3,0.6,0.9,7.3
129,DeMar DeRozan\derozde01,SG,29,SAS,54,54,35.3,8.3,17.9,.463,0.1,0.8,.171,8.1,17.1,.476,.466,4.7,5.7,.822,0.8,5.4,6.1,6.1,1.0,0.5,2.6,2.3,21.4
130,Marcus Derrickson\derrima01,PF,22,GSW,9,0,6.0,1.1,2.7,.417,0.6,1.6,.357,0.6,1.1,.500,.521,0.3,0.4,.750,0.6,0.3,0.9,0.1,0.0,0.1,0.3,1.0,3.1
131,Cheick Diallo\diallch01,PF,22,NOP,41,0,11.2,1.9,3.1,.602,0.0,0.0,.000,1.9,3.1,.611,.602,0.7,1.0,.690,1.0,2.9,3.8,0.3,0.4,0.5,0.6,1.3,4.5
132,Hamidou Diallo\diallha01,SG,20,OKC,45,3,11.4,1.7,3.6,.466,0.1,0.5,.174,1.6,3.1,.514,.478,0.8,1.3,.610,0.8,1.3,2.1,0.4,0.4,0.2,0.5,1.7,4.2
133,Gorgui Dieng\dienggo01,C,29,MIN,57,0,13.4,2.2,4.4,.494,0.2,0.7,.310,1.9,3.7,.531,.520,1.0,1.2,.879,1.0,3.1,4.1,0.9,0.5,0.5,0.6,1.9,5.6
134,Spencer Dinwiddie\dinwisp01,PG,25,BRK,49,4,28.6,5.6,12.2,.461,2.0,5.3,.366,3.7,6.8,.536,.542,4.0,5.1,.795,0.4,2.0,2.5,5.0,0.6,0.2,2.3,2.8,17.2
135,Donte DiVincenzo\divindo01,SG,22,MIL,23,0,15.6,1.8,4.7,.393,0.7,3.0,.246,1.1,1.7,.658,.472,0.4,0.5,.818,0.6,1.9,2.4,1.2,0.5,0.3,0.8,1.5,4.8
136,Luka Doncic\doncilu01,SG,19,DAL,55,55,32.2,6.9,15.9,.430,2.4,7.0,.348,4.4,8.9,.494,.506,4.6,6.3,.722,1.1,6.1,7.2,5.6,1.0,0.3,3.2,1.9,20.7
137,Tyler Dorsey\dorsety01,SG,22,TOT,28,0,9.3,1.3,3.4,.379,0.4,1.5,.262,0.9,1.9,.472,.437,0.6,0.9,.615,0.4,1.3,1.6,0.6,0.3,0.0,0.4,0.8,3.5
137,Tyler Dorsey\dorsety01,SG,22,ATL,27,0,9.3,1.2,3.3,.360,0.4,1.4,.256,0.8,1.9,.440,.416,0.6,1.0,.615,0.3,1.3,1.6,0.6,0.3,0.0,0.4,0.7,3.3
137,Tyler Dorsey\dorsety01,G,22,MEM,1,0,10.0,4.0,6.0,.667,1.0,3.0,.333,3.0,3.0,1.000,.750,0.0,0.0,,1.0,1.0,2.0,1.0,1.0,0.0,0.0,1.0,9.0
138,Damyean Dotson\dotsoda01,SG,24,NYK,49,16,24.7,3.5,8.3,.422,1.4,3.8,.366,2.1,4.5,.468,.505,0.9,1.3,.714,0.6,2.9,3.5,1.4,0.9,0.1,0.7,1.8,9.3
139,PJ Dozier\doziepj01,SG,22,BOS,4,0,2.5,0.8,1.5,.500,0.3,0.5,.500,0.5,1.0,.500,.583,0.0,0.0,,0.5,0.5,1.0,0.0,0.0,0.0,0.0,0.3,1.8
140,Goran Dragic\dragigo01,PG,32,MIA,14,14,29.1,5.5,13.4,.410,1.6,5.0,.314,3.9,8.4,.466,.468,2.7,3.6,.760,0.6,2.5,3.1,4.9,0.7,0.3,2.5,2.1,15.3
141,Andre Drummond\drumman01,C,25,DET,53,53,33.0,7.3,13.8,.527,0.1,0.6,.121,7.2,13.2,.546,.529,2.8,4.9,.561,5.1,9.9,15.0,1.2,1.6,1.7,2.3,3.4,17.4
142,Jared Dudley\dudleja01,PF,33,BRK,43,25,22.0,1.8,4.4,.405,0.9,2.8,.322,0.9,1.6,.551,.508,0.5,0.8,.629,0.6,2.2,2.8,1.5,0.7,0.3,0.9,2.4,5.0
143,Kris Dunn\dunnkr01,PG,24,CHI,31,29,31.3,4.9,11.3,.434,0.6,1.8,.339,4.3,9.5,.452,.461,1.3,1.6,.784,0.3,3.9,4.2,6.5,1.5,0.5,2.5,3.6,11.7
144,Kevin Durant\duranke01,PF,30,GSW,57,57,35.4,9.7,18.8,.516,1.8,5.0,.367,7.9,13.8,.570,.565,6.3,7.1,.893,0.5,6.5,7.0,5.9,0.8,1.1,3.1,1.9,27.6
145,Trevon Duval\duvaltr01,PG,20,MIL,3,0,2.0,0.7,1.0,.667,0.3,0.3,1.000,0.3,0.7,.500,.833,0.0,0.0,,0.0,0.3,0.3,0.7,0.0,0.0,0.0,0.0,1.7
146,Vince Edwards\edwarvi01,SF,22,HOU,2,0,8.0,0.5,2.0,.250,0.5,2.0,.250,0.0,0.0,,.375,0.0,0.0,,0.5,0.5,1.0,0.0,0.0,0.0,0.0,0.0,1.5
147,Henry Ellenson\ellenhe01,PF,22,DET,2,0,12.5,2.0,5.0,.400,1.0,2.0,.500,1.0,3.0,.333,.500,1.0,1.0,1.000,0.0,4.5,4.5,0.5,0.0,0.0,0.0,1.0,6.0
148,Wayne Ellington\ellinwa01,SG,31,TOT,27,12,21.7,2.8,7.6,.368,2.2,6.4,.349,0.6,1.2,.469,.515,0.5,0.6,.875,0.2,1.7,1.9,1.2,1.0,0.1,0.6,1.7,8.3
148,Wayne Ellington\ellinwa01,SG,31,MIA,25,12,21.3,2.8,7.4,.375,2.3,6.2,.368,0.5,1.2,.414,.530,0.6,0.6,.875,0.2,1.6,1.9,1.2,1.0,0.1,0.6,1.6,8.4
148,Wayne Ellington\ellinwa01,SG,31,DET,2,0,26.0,3.0,10.0,.300,1.5,8.5,.176,1.5,1.5,1.000,.375,0.0,0.0,,0.0,2.5,2.5,1.5,1.0,0.0,1.0,3.0,7.5
149,Joel Embiid\embiijo01,C,24,PHI,54,54,33.7,8.9,18.6,.482,1.2,4.0,.295,7.8,14.5,.534,.514,8.2,10.1,.811,2.5,11.0,13.5,3.5,0.6,1.9,3.6,3.4,27.3
150,James Ennis\ennisja01,SF,28,TOT,43,25,23.0,2.5,5.2,.482,1.1,2.9,.365,1.4,2.2,.635,.586,1.0,1.3,.724,0.9,2.0,2.8,0.7,0.9,0.4,0.5,2.7,7.0
150,James Ennis\ennisja01,SF,28,HOU,40,25,23.7,2.6,5.3,.493,1.1,3.0,.367,1.5,2.3,.659,.597,1.1,1.5,.724,0.9,2.0,2.9,0.7,1.0,0.4,0.6,2.8,7.4
150,James Ennis\ennisja01,SF,28,PHI,3,0,13.0,1.0,3.7,.273,0.7,2.0,.333,0.3,1.7,.200,.364,0.0,0.0,,0.0,1.7,1.7,1.3,0.3,0.0,0.0,1.7,2.7
151,Drew Eubanks\eubandr01,PF,21,SAS,15,0,4.9,0.9,1.3,.737,0.0,0.0,,0.9,1.3,.737,.737,0.6,0.7,.818,0.1,1.0,1.1,0.2,0.1,0.1,0.3,0.5,2.5
152,Jacob Evans\evansja02,SG,21,GSW,23,0,4.3,0.3,1.1,.240,0.0,0.3,.167,0.2,0.8,.263,.260,0.0,0.0,.000,0.0,0.3,0.4,0.6,0.0,0.0,0.3,0.6,0.6
153,Jawun Evans\evansja01,PG,22,PHO,7,0,9.1,0.4,1.9,.231,0.0,0.3,.000,0.4,1.6,.273,.231,0.0,0.0,,0.1,1.6,1.7,1.4,0.4,0.0,0.9,1.1,0.9
154,Tyreke Evans\evansty01,SG,29,IND,51,15,20.4,3.7,9.6,.389,1.2,3.3,.365,2.5,6.3,.402,.452,1.7,2.2,.768,0.5,2.2,2.7,2.4,0.9,0.2,1.7,1.7,10.4
155,Dante Exum\exumda01,PG,23,UTA,39,1,16.3,2.6,6.0,.432,0.5,1.5,.305,2.1,4.5,.474,.470,1.7,2.2,.791,0.4,1.3,1.7,2.7,0.4,0.1,1.2,1.6,7.4
156,Kenneth Faried\farieke01,C,29,TOT,24,11,20.0,4.4,7.1,.618,0.1,0.5,.273,4.3,6.6,.642,.626,1.6,2.8,.591,2.7,4.3,7.0,0.6,0.5,0.7,1.0,2.2,10.5
156,Kenneth Faried\farieke01,C,29,BRK,12,0,9.8,2.1,3.5,.595,0.1,0.4,.200,2.0,3.1,.649,.607,0.8,1.3,.625,1.3,2.4,3.7,0.2,0.2,0.3,0.5,0.7,5.1
156,Kenneth Faried\farieke01,C,29,HOU,12,11,30.2,6.7,10.7,.625,0.2,0.5,.333,6.5,10.2,.639,.633,2.4,4.2,.580,4.1,6.2,10.3,1.1,0.8,1.0,1.4,3.7,15.9
157,Derrick Favors\favorde01,C,27,UTA,56,50,23.1,4.4,7.8,.569,0.3,1.1,.226,4.2,6.6,.626,.585,1.9,3.0,.653,2.6,4.4,7.1,1.1,0.8,1.3,1.1,2.2,11.0
158,Cristiano Felicio\feliccr01,C,26,CHI,36,0,10.2,1.3,2.3,.549,0.0,0.1,.000,1.3,2.2,.563,.549,0.7,1.0,.676,1.0,1.8,2.8,0.5,0.1,0.1,0.4,0.9,3.2
159,Raymond Felton\feltora01,PG,34,OKC,17,0,12.4,2.2,5.3,.411,0.6,2.2,.270,1.6,3.1,.509,.467,0.6,0.6,.909,0.2,1.2,1.4,1.9,0.5,0.2,0.6,0.9,5.5
160,Terrance Ferguson\fergute01,SG,20,OKC,49,49,24.4,2.5,5.8,.436,1.4,3.7,.383,1.1,2.1,.529,.559,0.3,0.5,.654,0.5,1.3,1.8,0.8,0.6,0.2,0.5,3.1,6.8
161,Yogi Ferrell\ferreyo01,PG,25,SAC,47,3,15.1,2.2,5.0,.449,0.8,2.1,.378,1.4,2.9,.500,.528,0.8,0.9,.878,0.2,1.4,1.6,2.0,0.5,0.1,0.4,0.8,6.0
162,Dorian Finney-Smith\finnedo01,SF,25,DAL,57,18,25.3,2.9,6.4,.458,1.1,3.1,.345,1.9,3.4,.560,.540,0.9,1.3,.684,1.8,2.9,4.7,0.9,1.0,0.5,1.0,2.4,7.8
163,Bryn Forbes\forbebr01,PG,25,SAS,59,58,28.5,4.5,10.0,.446,2.2,5.1,.419,2.3,4.9,.474,.553,0.9,1.0,.900,0.2,2.7,2.9,2.2,0.6,0.1,1.1,2.1,12.0
164,Evan Fournier\fournev01,SG,26,ORL,58,58,31.5,5.7,13.2,.430,1.9,5.7,.338,3.8,7.5,.499,.503,1.7,2.1,.790,0.5,2.6,3.1,3.7,0.9,0.1,2.0,2.9,14.9
165,De'Aaron Fox\foxde01,PG,21,SAC,56,56,31.4,6.2,13.4,.461,1.1,2.9,.366,5.1,10.5,.488,.501,3.7,5.1,.726,0.6,3.1,3.7,7.2,1.7,0.5,3.0,2.5,17.2
166,Melvin Frazier\frazime01,SG,22,ORL,7,0,4.6,0.9,2.0,.429,0.0,0.4,.000,0.9,1.6,.545,.429,0.0,0.0,,0.3,0.1,0.4,0.0,0.1,0.0,0.1,0.6,1.7
167,Tim Frazier\fraziti01,PG,28,NOP,47,17,19.3,1.9,4.1,.451,0.6,1.6,.351,1.3,2.5,.517,.521,0.7,0.9,.780,0.7,2.2,2.9,4.4,0.5,0.1,1.3,2.0,5.0
168,Channing Frye\fryech01,C,35,CLE,29,5,9.5,1.1,3.1,.360,0.8,2.1,.400,0.3,1.0,.276,.494,0.3,0.4,.750,0.1,1.3,1.5,0.6,0.2,0.1,0.3,1.2,3.3
169,Markelle Fultz\fultzma01,PG,20,PHI,19,15,22.5,3.4,8.2,.419,0.2,0.7,.286,3.2,7.4,.433,.432,1.1,1.9,.568,1.4,2.3,3.7,3.1,0.9,0.3,1.3,2.7,8.2
170,Danilo Gallinari\gallida01,SF,30,LAC,48,48,30.7,5.6,12.5,.450,2.5,5.5,.447,3.2,7.0,.453,.548,5.0,5.5,.902,0.9,5.1,6.0,2.5,0.7,0.3,1.4,2.0,18.7
171,Langston Galloway\gallola01,SG,27,DET,54,4,21.3,2.7,7.2,.371,1.5,4.7,.325,1.1,2.5,.459,.478,0.9,1.1,.807,0.6,1.7,2.3,1.1,0.5,0.1,0.3,1.6,7.7
172,Marc Gasol\gasolma01,C,34,TOT,56,53,33.0,5.6,12.6,.446,1.4,4.0,.347,4.3,8.6,.492,.501,2.8,3.7,.751,1.1,7.4,8.5,4.5,1.2,1.2,2.2,2.7,15.4
172,Marc Gasol\gasolma01,C,34,MEM,53,53,33.7,5.7,12.9,.444,1.4,4.2,.344,4.3,8.7,.491,.499,2.9,3.8,.756,1.1,7.5,8.6,4.7,1.1,1.2,2.2,2.8,15.7
172,Marc Gasol\gasolma01,C,34,TOR,3,0,20.0,4.0,7.7,.522,0.3,0.3,1.000,3.7,7.3,.500,.543,1.7,2.7,.625,1.0,5.3,6.3,1.7,1.7,1.3,1.7,1.7,10.0
173,Pau Gasol\gasolpa01,C,38,SAS,26,6,12.5,1.6,3.3,.477,0.2,0.4,.500,1.4,2.9,.474,.506,1.0,1.5,.711,0.8,3.9,4.7,1.9,0.2,0.5,0.5,1.0,4.4
174,Rudy Gay\gayru01,PF,32,SAS,48,45,27.3,5.8,11.1,.519,1.1,2.6,.435,4.6,8.5,.544,.569,1.8,2.1,.860,0.9,5.5,6.5,2.6,0.9,0.6,1.7,2.6,14.5
175,Paul George\georgpa01,SF,28,OKC,56,56,36.3,9.4,20.9,.453,3.9,9.6,.406,5.6,11.3,.492,.546,5.9,7.0,.837,1.4,6.6,8.0,4.1,2.3,0.5,2.6,2.8,28.7
176,Taj Gibson\gibsota01,PF,33,MIN,56,54,25.0,4.2,7.5,.562,0.2,0.6,.333,4.0,6.9,.581,.575,1.8,2.3,.748,2.4,4.1,6.5,1.1,0.8,0.6,1.1,2.6,10.4
177,Harry Giles\gilesha01,PF,20,SAC,44,0,12.9,2.7,5.4,.496,0.0,0.1,.000,2.7,5.3,.506,.496,0.9,1.5,.625,1.0,2.4,3.4,1.3,0.6,0.3,1.2,2.6,6.2
178,Shai Gilgeous-Alexander\gilgesh01,PG,20,LAC,59,50,25.8,3.9,8.3,.468,0.5,1.5,.330,3.4,6.7,.500,.499,1.8,2.3,.806,0.7,2.0,2.7,3.0,1.1,0.6,1.8,2.0,10.1
179,Rudy Gobert\goberru01,C,26,UTA,57,56,31.6,5.6,8.6,.654,0.0,0.0,,5.6,8.6,.654,.654,4.0,6.0,.657,3.8,9.1,12.9,2.2,0.9,2.1,1.6,2.8,15.2
180,Brandon Goodwin\goodwbr01,PG,23,DEN,16,0,3.6,0.4,1.4,.261,0.1,0.4,.333,0.3,1.1,.235,.304,0.6,0.7,.818,0.1,0.1,0.2,0.9,0.0,0.0,0.2,0.4,1.4
181,Aaron Gordon\gordoaa01,PF,23,ORL,55,55,33.5,5.9,13.2,.446,1.5,4.4,.342,4.4,8.8,.498,.503,2.5,3.4,.731,1.7,5.6,7.3,3.5,0.8,0.7,2.0,2.3,15.8
182,Eric Gordon\gordoer01,SG,30,HOU,45,31,32.4,5.7,14.5,.392,2.7,8.5,.320,2.9,5.9,.494,.486,2.1,2.6,.788,0.3,2.2,2.6,2.0,0.5,0.4,1.4,2.2,16.1
183,Marcin Gortat\gortama01,C,34,LAC,47,43,16.0,2.1,4.0,.532,0.0,0.0,,2.1,4.0,.532,.532,0.7,1.0,.729,1.4,4.1,5.6,1.4,0.1,0.5,1.1,2.0,5.0
184,Devonte' Graham\grahade01,PG,23,CHO,31,3,13.0,1.5,4.2,.369,0.7,2.4,.307,0.8,1.8,.455,.458,0.5,0.7,.727,0.1,1.1,1.2,2.2,0.5,0.1,0.7,1.0,4.4
185,Treveon Graham\grahatr01,SG,25,BRK,20,14,22.8,1.9,5.6,.333,1.0,3.6,.278,0.9,2.0,.436,.423,0.7,0.9,.778,0.7,2.3,3.0,1.1,0.4,0.3,0.7,2.6,5.4
186,Jerami Grant\grantje01,PF,24,OKC,55,52,32.3,4.9,9.5,.520,1.1,3.1,.373,3.8,6.4,.590,.580,2.0,3.0,.687,1.0,4.1,5.1,0.9,0.9,1.4,0.9,2.6,13.1
187,Jerian Grant\grantje02,PG,26,ORL,48,1,16.5,1.5,3.8,.398,0.6,1.9,.326,0.9,1.9,.467,.478,0.5,0.7,.688,0.3,1.4,1.7,2.8,0.8,0.1,0.9,1.4,4.1
188,Donte Grantham\grantdo01,SF,23,OKC,1,0,2.0,0.0,1.0,.000,0.0,1.0,.000,0.0,0.0,,.000,0.0,0.0,,0.0,0.0,0.0,0.0,0.0,0.0,0.0,0.0,0.0
189,Danny Green\greenda02,SG,31,TOR,57,57,28.7,3.5,7.9,.446,2.2,5.3,.421,1.3,2.6,.497,.587,0.5,0.5,.903,0.8,3.3,4.1,1.4,0.9,0.8,0.9,2.3,9.8
190,Draymond Green\greendr01,PF,28,GSW,42,42,31.1,2.7,6.5,.424,0.6,2.5,.233,2.2,4.0,.542,.469,1.0,1.4,.724,1.0,6.6,7.6,7.3,1.6,1.1,2.6,3.2,7.0
191,Gerald Green\greenge01,SG,33,HOU,53,0,21.3,3.4,8.2,.418,2.2,6.2,.361,1.2,1.9,.602,.555,0.7,0.9,.796,0.5,2.2,2.7,0.6,0.3,0.4,0.7,1.9,9.8
192,JaMychal Green\greenja01,PF,28,TOT,44,4,21.8,3.6,7.4,.491,1.0,2.4,.413,2.6,5.0,.527,.557,1.4,1.8,.788,1.7,4.4,6.1,0.8,0.8,0.6,1.5,3.1,9.6
192,JaMychal Green\greenja01,PF,28,MEM,41,4,22.0,3.7,7.6,.484,0.9,2.3,.396,2.8,5.3,.523,.545,1.5,2.0,.788,1.8,4.4,6.1,0.9,0.8,0.6,1.6,3.0,9.8
192,JaMychal Green\greenja01,PF,28,LAC,3,0,20.0,2.7,4.0,.667,1.7,2.7,.625,1.0,1.3,.750,.875,0.0,0.0,,1.0,5.0,6.0,0.3,0.7,0.7,0.7,4.0,7.0
193,Jeff Green\greenje02,PF,32,WAS,56,30,27.8,4.3,9.1,.475,1.6,4.2,.374,2.8,4.9,.562,.562,2.3,2.5,.901,0.9,3.6,4.5,2.0,0.5,0.5,1.3,2.2,12.5
194,Blake Griffin\griffbl01,PF,29,DET,54,54,36.3,8.9,18.6,.479,2.5,6.8,.365,6.4,11.8,.545,.546,6.0,7.9,.759,1.4,6.7,8.1,5.4,0.7,0.4,3.7,2.9,26.3
195,Daniel Hamilton\hamilda02,SG,23,ATL,19,3,10.7,1.2,3.2,.383,0.4,1.2,.348,0.8,1.9,.405,.450,0.2,0.3,.500,0.5,1.9,2.5,1.2,0.3,0.1,0.8,1.0,3.0
196,Tim Hardaway\hardati02,SG,26,TOT,51,50,32.2,6.1,15.6,.390,2.5,7.4,.341,3.6,8.3,.433,.470,4.1,4.8,.849,0.6,2.9,3.5,2.6,0.9,0.1,1.7,2.2,18.8
196,Tim Hardaway\hardati02,SG,26,NYK,46,46,32.6,6.1,15.8,.388,2.5,7.3,.347,3.6,8.5,.424,.469,4.3,5.1,.854,0.6,2.9,3.5,2.7,0.9,0.1,1.8,2.3,19.1
196,Tim Hardaway\hardati02,SG,26,DAL,5,4,28.6,5.8,14.4,.403,2.2,7.6,.289,3.6,6.8,.529,.479,1.8,2.4,.750,0.6,2.6,3.2,1.8,0.6,0.2,1.2,1.6,15.6
197,James Harden\hardeja01,SG,29,HOU,54,54,37.4,10.8,24.4,.441,5.1,13.6,.374,5.7,10.8,.527,.546,10.0,11.5,.871,1.0,5.7,6.7,7.7,2.2,0.8,5.4,3.3,36.6
198,Maurice Harkless\harklma01,SF,25,POR,37,30,21.4,2.4,5.3,.457,0.5,1.9,.290,1.9,3.5,.547,.508,0.6,0.9,.656,1.1,2.7,3.8,0.8,0.9,0.9,0.7,2.8,6.0
199,Montrezl Harrell\harremo01,C,25,LAC,59,4,26.4,6.4,10.3,.622,0.0,0.2,.111,6.4,10.2,.629,.623,3.1,5.0,.616,2.4,4.3,6.7,1.8,0.9,1.4,1.4,3.1,15.9
200,Devin Harris\harride01,PG,35,DAL,45,0,15.0,2.0,5.0,.406,0.9,2.9,.310,1.1,2.1,.537,.496,1.4,1.8,.753,0.2,1.3,1.5,1.3,0.6,0.2,0.8,1.7,6.3
201,Gary Harris\harriga01,SG,24,DEN,32,27,29.9,5.4,12.8,.425,1.6,5.0,.314,3.9,7.8,.496,.487,2.3,2.9,.815,0.7,2.3,3.0,2.7,1.0,0.4,1.2,2.1,14.8
202,Joe Harris\harrijo01,SG,27,BRK,54,54,30.1,5.0,10.1,.501,2.4,5.2,.471,2.6,4.9,.532,.622,1.3,1.6,.857,0.6,3.0,3.6,2.6,0.5,0.2,1.6,2.6,13.9
203,Tobias Harris\harrito02,PF-SF,26,TOT,59,59,34.5,7.7,15.4,.497,2.0,4.7,.430,5.6,10.7,.527,.563,3.4,3.9,.873,0.7,7.1,7.8,2.8,0.7,0.4,1.9,2.3,20.7
203,Tobias Harris\harrito02,PF,26,LAC,55,55,34.6,7.7,15.5,.496,2.0,4.7,.434,5.7,10.9,.523,.561,3.5,4.0,.877,0.7,7.2,7.9,2.7,0.7,0.4,2.0,2.2,20.9
203,Tobias Harris\harrito02,SF,26,PHI,4,4,32.8,7.0,13.5,.519,2.0,5.3,.381,5.0,8.3,.606,.593,1.8,2.3,.778,0.8,6.3,7.0,3.5,0.3,0.5,0.8,3.0,17.8
204,Andrew Harrison\harrian01,SG-PG,24,TOT,17,0,11.0,0.9,3.1,.302,0.3,1.5,.200,0.6,1.6,.393,.349,1.0,1.1,.944,0.4,0.8,1.2,1.4,0.2,0.1,0.7,2.0,3.2
204,Andrew Harrison\harrian01,PG,24,MEM,1,0,5.0,1.0,2.0,.500,0.0,1.0,.000,1.0,1.0,1.000,.500,0.0,0.0,,0.0,0.0,0.0,0.0,0.0,0.0,0.0,1.0,2.0
204,Andrew Harrison\harrian01,SG,24,CLE,10,0,14.4,1.2,3.9,.308,0.3,1.4,.214,0.9,2.5,.360,.346,1.6,1.6,1.000,0.4,1.1,1.5,1.7,0.4,0.2,1.0,2.6,4.3
204,Andrew Harrison\harrian01,SG,24,NOP,6,0,6.3,0.5,2.0,.250,0.3,1.7,.200,0.2,0.3,.500,.333,0.2,0.3,.500,0.3,0.5,0.8,1.2,0.0,0.0,0.3,1.2,1.5
205,Shaquille Harrison\harrish01,PG,25,CHI,49,0,17.2,1.9,4.9,.393,0.3,1.3,.270,1.6,3.7,.436,.428,1.0,1.6,.623,0.3,2.3,2.6,1.7,1.2,0.4,0.8,1.6,5.2
206,Josh Hart\hartjo01,SG,23,LAL,54,21,26.4,3.0,7.4,.408,1.5,4.4,.339,1.5,3.0,.509,.509,0.9,1.3,.681,0.5,3.4,3.9,1.5,1.0,0.6,1.0,2.3,8.5
207,Isaiah Hartenstein\harteis01,PF,20,HOU,27,0,8.1,0.7,1.5,.488,0.1,0.2,.333,0.7,1.3,.514,.512,0.4,0.5,.786,0.8,1.0,1.7,0.5,0.3,0.4,0.5,2.1,2.0
208,Udonis Haslem\hasleud01,C,38,MIA,4,0,3.8,0.5,1.5,.333,0.0,0.5,.000,0.5,1.0,.500,.333,0.0,0.0,,0.3,1.3,1.5,0.0,0.0,0.0,0.5,0.8,1.0
209,Gordon Hayward\haywago01,PF,28,BOS,53,17,26.0,4.0,9.0,.438,1.2,3.6,.337,2.8,5.5,.505,.505,2.1,2.4,.852,0.8,3.8,4.6,3.5,1.0,0.3,1.5,1.5,11.2
210,John Henson\hensojo01,C,28,MIL,14,0,13.4,2.2,4.8,.463,0.8,2.2,.355,1.4,2.6,.556,.545,0.4,0.7,.600,1.1,3.9,5.1,1.0,0.5,0.8,0.9,1.1,5.6
211,Juan Hernangomez\hernaju01,PF,23,DEN,54,25,22.5,2.5,5.4,.459,1.2,3.0,.390,1.3,2.3,.548,.569,1.2,1.5,.778,1.1,3.4,4.5,0.9,0.4,0.4,0.6,1.4,7.3
212,Willy Hernangomez\hernawi01,C,24,CHO,45,2,13.7,2.7,5.2,.515,0.3,0.7,.433,2.4,4.5,.527,.543,1.7,2.5,.676,2.0,3.5,5.5,0.9,0.2,0.3,1.0,1.8,7.3
213,Mario Hezonja\hezonma01,SF,23,NYK,48,14,19.1,2.9,7.4,.397,0.7,2.5,.277,2.2,4.9,.457,.443,1.1,1.6,.701,0.4,3.3,3.7,1.0,0.9,0.1,1.2,1.7,7.6
214,Isaiah Hicks\hicksis01,PF,24,NYK,1,0,4.0,0.0,0.0,,0.0,0.0,,0.0,0.0,,,1.0,2.0,.500,0.0,0.0,0.0,1.0,0.0,0.0,0.0,0.0,1.0
215,Buddy Hield\hieldbu01,SG,26,SAC,57,57,31.6,7.6,16.0,.475,3.4,7.6,.449,4.2,8.4,.499,.582,1.8,2.1,.861,1.3,3.8,5.1,2.3,0.5,0.4,1.9,2.4,20.5
216,Haywood Highsmith\highsha01,SF,22,PHI,2,0,4.5,0.5,1.0,.500,0.5,1.0,.500,0.0,0.0,,.750,0.0,0.0,,0.0,0.5,0.5,1.0,0.0,0.0,0.0,0.0,1.5
217,Nene Hilario\hilarne01,C,36,HOU,28,2,13.6,1.5,2.8,.551,0.0,0.1,.000,1.5,2.7,.566,.551,0.8,1.1,.710,0.8,2.4,3.1,0.7,0.5,0.4,0.2,2.2,3.9
218,George Hill\hillge01,PG,32,TOT,45,13,22.5,2.8,6.2,.451,0.8,2.4,.336,2.0,3.7,.527,.518,1.0,1.3,.825,0.7,1.8,2.5,2.3,0.9,0.2,0.8,1.8,7.4
218,George Hill\hillge01,PG,32,CLE,13,13,26.5,4.2,8.2,.514,1.0,2.2,.464,3.2,6.1,.532,.575,1.3,1.5,.850,0.9,1.2,2.1,2.8,0.9,0.1,1.5,2.7,10.8
218,George Hill\hillge01,PG,32,MIL,32,0,20.9,2.2,5.3,.412,0.8,2.6,.293,1.4,2.8,.523,.482,0.9,1.2,.811,0.6,2.1,2.6,2.1,0.9,0.2,0.6,1.4,6.1
219,Solomon Hill\hillso01,SF,27,NOP,35,15,20.3,1.4,3.7,.388,0.6,2.0,.286,0.9,1.7,.508,.465,0.5,0.8,.704,0.9,2.2,3.1,1.3,0.5,0.2,0.7,1.7,4.0
220,Aaron Holiday\holidaa01,PG,22,IND,37,0,11.8,2.0,5.2,.382,0.8,2.6,.295,1.2,2.6,.469,.455,0.8,0.9,.882,0.1,1.4,1.5,1.5,0.4,0.3,0.7,1.3,5.5
221,Jrue Holiday\holidjr01,SG,28,NOP,59,59,36.4,8.1,17.2,.470,1.7,5.2,.318,6.4,12.0,.536,.518,3.2,4.2,.767,1.2,3.9,5.1,7.9,1.6,0.9,3.2,2.2,21.1
222,Justin Holiday\holidju01,SG,29,TOT,59,54,32.6,3.6,9.7,.372,2.1,6.0,.345,1.5,3.7,.417,.479,1.1,1.2,.890,0.5,3.7,4.2,2.1,1.5,0.5,1.3,1.9,10.4
222,Justin Holiday\holidju01,SG,29,CHI,38,38,34.9,4.0,10.4,.383,2.6,7.1,.359,1.4,3.3,.435,.506,1.1,1.2,.891,0.5,3.9,4.4,2.2,1.8,0.6,1.2,2.1,11.6
222,Justin Holiday\holidju01,SG,29,MEM,21,16,28.5,3.0,8.5,.348,1.2,4.0,.298,1.8,4.5,.394,.419,1.1,1.3,.889,0.4,3.2,3.7,1.7,1.0,0.3,1.5,1.6,8.2
223,John Holland\hollajo02,SF,30,CLE,1,0,1.0,0.0,0.0,,0.0,0.0,,0.0,0.0,,,0.0,0.0,,0.0,0.0,0.0,0.0,0.0,0.0,0.0,0.0,0.0
224,Rondae Hollis-Jefferson\holliro01,SF,24,BRK,48,21,22.4,3.5,8.6,.409,0.2,0.9,.200,3.3,7.6,.434,.420,2.1,3.3,.650,1.4,4.0,5.4,1.7,0.7,0.5,1.1,2.0,9.3
225,Richaun Holmes\holmeri01,C,25,PHO,53,2,16.5,3.2,4.9,.641,0.0,0.0,,3.2,4.9,.641,.641,1.7,2.4,.719,1.6,2.9,4.5,0.8,0.6,1.2,0.7,2.6,8.1
226,Rodney Hood\hoodro01,SG,26,TOT,49,45,27.1,4.3,9.8,.439,1.2,3.3,.372,3.0,6.4,.475,.503,2.1,2.3,.913,0.4,2.0,2.4,1.9,0.8,0.1,0.7,2.2,12.0
226,Rodney Hood\hoodro01,SG,26,CLE,45,45,27.4,4.3,10.1,.427,1.2,3.4,.362,3.1,6.7,.460,.488,2.3,2.5,.912,0.4,2.1,2.5,2.0,0.8,0.1,0.8,2.2,12.2
226,Rodney Hood\hoodro01,SG,26,POR,4,0,23.0,4.0,6.0,.667,1.5,3.0,.500,2.5,3.0,.833,.792,0.3,0.3,1.000,0.0,1.3,1.3,0.5,0.8,0.0,0.0,1.8,9.8
227,Al Horford\horfoal01,C,32,BOS,48,48,28.5,5.4,10.2,.528,1.1,3.1,.369,4.2,7.1,.597,.584,0.8,1.0,.800,1.9,4.9,6.8,4.0,0.9,1.4,1.6,1.9,12.7
228,Danuel House\houseda01,SF,25,HOU,25,12,24.8,2.8,6.2,.458,1.6,4.0,.390,1.3,2.2,.582,.584,1.8,2.2,.818,0.8,2.8,3.6,1.0,0.6,0.4,0.9,1.8,9.0
229,Dwight Howard\howardw01,C,33,WAS,9,9,25.6,4.8,7.7,.623,0.0,0.0,,4.8,7.7,.623,.623,3.2,5.3,.604,2.7,6.6,9.2,0.4,0.8,0.4,1.8,3.8,12.8
230,Kevin Huerter\huertke01,SG,20,ATL,54,38,27.3,3.4,8.2,.420,1.8,4.5,.389,1.7,3.7,.457,.527,0.6,0.8,.733,0.8,2.5,3.2,2.8,0.9,0.4,1.6,2.0,9.3
231,Chandler Hutchison\hutchch01,SF,22,CHI,44,14,20.3,2.2,4.8,.459,0.3,1.1,.280,1.9,3.6,.516,.493,0.5,0.9,.605,0.7,3.5,4.2,0.8,0.5,0.1,0.6,1.3,5.2
232,Serge Ibaka\ibakase01,C,29,TOR,55,46,28.8,6.6,12.6,.527,0.6,2.5,.259,6.0,10.1,.592,.553,2.1,2.6,.779,2.1,5.9,8.0,1.5,0.5,1.3,1.7,3.1,16.0
233,Andre Iguodala\iguodan01,SF,35,GSW,50,11,23.5,2.3,4.5,.500,0.8,2.2,.370,1.5,2.4,.619,.588,0.7,1.1,.623,0.7,3.2,3.9,3.3,0.9,0.8,0.7,1.3,6.0
234,Ersan Ilyasova\ilyaser01,PF,31,MIL,45,3,17.7,2.4,5.5,.433,0.8,2.3,.350,1.6,3.2,.493,.506,0.8,0.9,.875,1.4,3.0,4.4,0.9,0.6,0.2,0.8,2.6,6.3
235,Joe Ingles\inglejo01,SF,31,UTA,57,57,31.1,4.2,9.6,.439,2.0,5.5,.368,2.2,4.1,.534,.545,1.2,1.6,.723,0.3,3.5,3.8,4.9,1.3,0.2,2.2,2.4,11.7
236,Brandon Ingram\ingrabr01,SF,21,LAL,46,46,33.4,6.5,13.5,.484,0.5,1.7,.286,6.1,11.8,.512,.502,3.5,5.2,.660,0.8,4.1,4.8,3.0,0.6,0.6,2.5,2.7,17.0
237,Kyrie Irving\irvinky01,PG,26,BOS,47,47,32.5,8.9,17.9,.498,2.5,6.2,.409,6.4,11.7,.545,.569,3.2,3.7,.866,1.2,3.7,4.9,6.9,1.6,0.4,2.7,2.3,23.6
238,Jonathan Isaac\isaacjo01,PF,21,ORL,53,42,26.0,3.3,7.7,.424,0.9,3.1,.287,2.4,4.6,.516,.482,1.6,1.9,.861,1.2,4.1,5.3,1.0,0.8,1.3,1.1,2.0,9.1
239,Wesley Iwundu\iwundwe01,SF,24,ORL,45,12,17.1,1.7,4.1,.410,0.4,1.1,.380,1.2,3.0,.421,.462,1.4,1.7,.803,0.5,1.9,2.4,0.8,0.4,0.4,0.7,1.9,5.1
240,Demetrius Jackson\jacksde01,PG,24,PHI,6,0,6.5,1.3,2.5,.533,0.3,1.0,.333,1.0,1.5,.667,.600,0.7,0.7,1.000,0.3,0.2,0.5,0.8,0.3,0.0,0.2,0.7,3.7
241,Frank Jackson\jacksfr01,PG,20,NOP,44,7,15.2,2.3,5.4,.429,0.6,2.1,.297,1.7,3.3,.510,.485,0.7,0.9,.775,0.3,1.3,1.6,1.0,0.3,0.0,0.6,1.4,6.0
242,Jaren Jackson\jacksja02,PF,19,MEM,58,56,26.1,5.1,10.2,.506,0.9,2.4,.359,4.3,7.7,.553,.549,2.6,3.4,.766,1.3,3.4,4.7,1.1,0.9,1.4,1.7,3.8,13.8
243,Josh Jackson\jacksjo02,SG,21,PHO,59,22,24.2,4.3,10.2,.419,0.8,2.6,.299,3.5,7.6,.460,.457,1.8,2.7,.667,0.8,3.4,4.2,2.3,1.0,0.7,2.4,2.6,11.2
244,Justin Jackson\jacksju01,SF,23,TOT,56,3,19.9,2.3,5.5,.424,1.0,2.9,.345,1.3,2.6,.514,.516,0.8,0.9,.827,0.4,2.2,2.6,1.3,0.4,0.2,0.4,1.2,6.5
244,Justin Jackson\jacksju01,SF,23,SAC,52,3,20.8,2.4,5.7,.424,1.1,3.1,.346,1.3,2.6,.515,.517,0.8,1.0,.820,0.5,2.3,2.8,1.3,0.4,0.3,0.4,1.3,6.7
244,Justin Jackson\jacksju01,SF,23,DAL,4,0,8.0,1.5,3.5,.429,0.5,1.5,.333,1.0,2.0,.500,.500,0.5,0.5,1.000,0.0,0.3,0.3,0.5,0.3,0.0,0.3,0.3,4.0
245,Reggie Jackson\jacksre01,PG,28,DET,56,56,29.1,5.1,12.4,.414,2.1,5.7,.366,3.1,6.7,.454,.497,2.6,2.9,.873,0.6,2.1,2.8,4.4,0.7,0.1,1.8,2.8,14.9
246,LeBron James\jamesle01,SF,34,LAL,39,39,34.9,9.8,19.2,.513,2.1,5.8,.355,7.7,13.3,.582,.567,5.1,7.4,.679,0.9,7.7,8.6,7.6,1.3,0.6,3.5,1.7,26.8
247,Amile Jefferson\jeffeam01,PF,25,ORL,5,0,4.0,0.2,0.8,.250,0.0,0.0,,0.2,0.8,.250,.250,0.8,0.8,1.000,0.4,1.0,1.4,0.0,0.2,0.0,0.0,0.6,1.2
248,John Jenkins\jenkijo01,SG,27,TOT,6,0,8.2,1.8,3.3,.550,0.8,1.8,.455,1.0,1.5,.667,.675,0.0,0.0,,0.3,0.7,1.0,0.7,0.0,0.0,0.3,0.0,4.5
248,John Jenkins\jenkijo01,SG,27,WAS,4,0,3.5,0.5,0.5,1.000,0.5,0.5,1.000,0.0,0.0,,1.500,0.0,0.0,,0.0,0.3,0.3,0.3,0.0,0.0,0.0,0.0,1.5
248,John Jenkins\jenkijo01,SG,27,NYK,2,0,17.5,4.5,9.0,.500,1.5,4.5,.333,3.0,4.5,.667,.583,0.0,0.0,,1.0,1.5,2.5,1.5,0.0,0.0,1.0,0.0,10.5
249,Jonas Jerebko\jerebjo01,PF,31,GSW,53,6,18.3,2.5,5.2,.474,1.0,2.8,.358,1.5,2.4,.611,.571,1.0,1.2,.823,1.2,3.5,4.6,1.5,0.3,0.2,0.7,2.0,6.9
250,Alize Johnson\johnsal02,PF,22,IND,11,0,2.9,0.2,0.9,.200,0.1,0.2,.500,0.1,0.7,.125,.250,0.1,0.4,.250,0.1,0.6,0.7,0.0,0.0,0.1,0.0,0.3,0.5
251,Amir Johnson\johnsam01,C,31,PHI,37,2,9.6,1.5,2.8,.534,0.2,0.6,.375,1.2,2.1,.582,.578,0.6,0.8,.767,0.7,1.9,2.6,1.2,0.3,0.2,0.9,1.9,3.8
252,James Johnson\johnsja01,PF,31,MIA,40,33,21.2,3.1,7.2,.429,1.0,2.7,.352,2.1,4.5,.475,.495,0.8,1.1,.733,0.4,2.8,3.2,2.4,0.7,0.5,1.4,2.1,7.9
253,Stanley Johnson\johnsst04,SF,22,TOT,51,7,19.5,2.7,7.1,.377,1.0,3.6,.274,1.7,3.4,.486,.447,0.8,1.0,.804,0.5,3.0,3.6,1.2,1.0,0.3,1.1,1.9,7.1
253,Stanley Johnson\johnsst04,SF,22,DET,48,7,20.0,2.8,7.3,.381,1.1,3.8,.282,1.7,3.5,.488,.454,0.9,1.1,.804,0.5,3.1,3.6,1.3,1.0,0.3,1.1,1.9,7.5
253,Stanley Johnson\johnsst04,SF,22,NOP,3,0,10.7,1.0,4.0,.250,0.0,1.7,.000,1.0,2.3,.429,.250,0.0,0.0,,0.7,1.7,2.3,0.0,0.7,0.0,0.3,1.7,2.0
254,Tyler Johnson\johnsty01,PG-SG,26,TOT,47,12,25.7,3.8,9.1,.414,1.6,4.6,.346,2.2,4.5,.483,.501,1.3,1.9,.700,0.5,2.3,2.8,2.6,0.9,0.4,1.4,1.7,10.5
254,Tyler Johnson\johnsty01,PG,26,MIA,44,10,25.5,3.9,9.1,.426,1.6,4.6,.353,2.3,4.5,.503,.516,1.4,2.0,.693,0.4,2.3,2.8,2.5,0.9,0.5,1.4,1.6,10.8
254,Tyler Johnson\johnsty01,SG,26,PHO,3,2,28.7,2.0,9.0,.222,1.0,4.3,.231,1.0,4.7,.214,.278,0.7,0.7,1.000,1.3,2.0,3.3,3.0,1.3,0.0,1.3,3.3,5.7
255,Wesley Johnson\johnswe01,SF,31,TOT,30,13,15.2,1.4,3.5,.413,0.8,2.0,.377,0.7,1.4,.465,.524,0.3,0.5,.643,0.4,1.7,2.1,0.7,0.5,0.3,0.5,1.8,3.9
255,Wesley Johnson\johnswe01,SF,31,NOP,26,13,14.5,1.3,3.4,.398,0.7,1.9,.380,0.6,1.5,.421,.506,0.2,0.3,.667,0.4,1.7,2.1,0.6,0.5,0.3,0.5,1.7,3.7
255,Wesley Johnson\johnswe01,SF,31,WAS,4,0,19.8,2.0,4.0,.500,1.0,2.8,.364,1.0,1.3,.800,.625,0.8,1.3,.600,0.5,1.5,2.0,1.0,0.5,0.8,0.8,2.5,5.8
256,Nikola Jokic\jokicni01,C,23,DEN,56,56,31.6,7.7,15.2,.505,1.1,3.6,.308,6.6,11.6,.565,.541,3.9,4.6,.849,2.8,7.8,10.6,7.7,1.4,0.6,3.2,2.8,20.4
257,Damian Jones\jonesda03,C,23,GSW,24,22,17.1,2.2,3.1,.716,0.0,0.0,,2.2,3.1,.716,.716,1.0,1.5,.649,1.3,1.8,3.1,1.2,0.5,1.0,0.7,2.6,5.4
258,Derrick Jones\jonesde02,SF,21,MIA,37,5,18.1,2.8,5.5,.512,0.5,1.4,.365,2.3,4.1,.563,.559,1.2,2.0,.616,1.8,2.6,4.4,0.5,0.8,0.7,0.7,1.9,7.4
259,Jalen Jones\jonesja04,SF,25,CLE,16,0,13.4,1.6,3.9,.419,0.6,1.8,.357,1.0,2.1,.471,.500,1.2,1.7,.704,0.7,1.4,2.1,0.4,0.6,0.1,0.5,1.7,5.1
260,Tyus Jones\jonesty01,PG,22,MIN,43,6,20.3,2.1,5.5,.380,0.5,1.7,.297,1.6,3.8,.417,.426,0.7,0.9,.842,0.3,1.4,1.7,4.0,1.3,0.1,0.6,0.9,5.4
261,DeAndre Jordan\jordade01,C,30,TOT,57,57,30.5,4.2,6.4,.649,0.0,0.0,,4.2,6.4,.649,.649,2.7,3.9,.686,3.3,10.1,13.4,2.0,0.6,1.1,2.2,2.5,11.0
261,DeAndre Jordan\jordade01,C,30,DAL,50,50,31.1,4.2,6.5,.644,0.0,0.0,,4.2,6.5,.644,.644,2.7,4.0,.682,3.2,10.5,13.7,2.0,0.7,1.1,2.2,2.5,11.0
261,DeAndre Jordan\jordade01,C,30,NYK,7,7,26.0,4.3,6.3,.682,0.0,0.0,,4.3,6.3,.682,.682,2.6,3.6,.720,3.6,7.4,11.0,2.3,0.4,1.1,1.7,2.7,11.1
262,Cory Joseph\josepco01,PG,27,IND,58,3,25.7,3.1,6.9,.443,0.8,2.3,.336,2.3,4.6,.496,.499,0.4,0.6,.656,0.4,3.2,3.7,4.0,1.1,0.2,1.1,1.6,7.2
263,Frank Kaminsky\kaminfr01,C,25,CHO,26,0,10.8,1.9,3.9,.480,0.6,1.8,.348,1.3,2.2,.589,.559,0.8,1.3,.629,0.7,1.7,2.4,1.0,0.2,0.2,0.7,1.0,5.2
264,Enes Kanter\kanteen01,C,26,NYK,44,23,25.6,5.7,10.6,.536,0.2,0.5,.318,5.5,10.1,.547,.544,2.4,2.9,.814,3.9,6.6,10.5,1.9,0.4,0.4,1.8,2.4,14.0
265,Luke Kennard\kennalu01,SG,22,DET,38,10,20.9,3.2,7.6,.417,1.4,3.8,.366,1.8,3.8,.469,.509,0.7,0.9,.771,0.2,2.6,2.8,1.5,0.4,0.2,0.8,1.3,8.4
266,Michael Kidd-Gilchrist\kiddgmi01,PF,25,CHO,50,1,19.7,2.7,5.7,.477,0.2,0.8,.263,2.5,5.0,.510,.495,1.8,2.3,.779,1.6,2.6,4.2,0.9,0.5,0.7,0.8,2.6,7.4
267,George King\kingge03,SF,25,PHO,1,0,6.0,0.0,0.0,,0.0,0.0,,0.0,0.0,,,0.0,0.0,,0.0,1.0,1.0,0.0,0.0,0.0,0.0,0.0,0.0
268,Maxi Kleber\klebima01,PF,27,DAL,52,15,19.8,2.4,5.3,.453,1.0,3.0,.335,1.4,2.2,.612,.549,0.8,1.0,.788,1.2,2.8,4.0,0.8,0.5,1.2,0.7,1.9,6.6
269,Brandon Knight\knighbr03,PG,27,TOT,15,2,10.7,1.3,4.2,.317,0.7,2.9,.256,0.6,1.3,.450,.405,0.6,0.7,.818,0.1,0.8,0.9,1.1,0.2,0.0,0.6,1.0,4.0
269,Brandon Knight\knighbr03,PG,27,HOU,12,0,9.8,0.9,3.9,.234,0.4,2.7,.156,0.5,1.3,.400,.287,0.8,0.9,.818,0.1,0.7,0.8,0.8,0.2,0.0,0.4,1.2,3.0
269,Brandon Knight\knighbr03,PG,27,CLE,3,2,14.3,3.0,5.3,.563,2.0,3.7,.545,1.0,1.7,.600,.750,0.0,0.0,,0.0,1.3,1.3,2.7,0.3,0.0,1.3,0.3,8.0
270,Kevin Knox\knoxke01,PF,19,NYK,51,33,28.2,4.4,12.1,.364,1.7,4.9,.339,2.7,7.2,.381,.433,2.0,2.7,.719,0.8,3.5,4.3,0.9,0.5,0.3,1.5,2.4,12.5
271,Furkan Korkmaz\korkmfu01,SG,21,PHI,46,6,14.2,2.0,5.1,.402,1.0,3.0,.331,1.0,2.1,.505,.500,0.8,0.9,.833,0.3,1.9,2.3,1.1,0.6,0.0,0.5,1.3,5.8
272,Luke Kornet\kornelu01,PF,23,NYK,29,11,15.9,2.4,6.1,.392,1.6,4.1,.398,0.8,2.0,.379,.526,0.8,0.9,.852,0.6,2.0,2.6,1.2,0.7,0.6,0.6,0.9,7.2
273,Kyle Korver\korveky01,SG-PF,37,TOT,51,0,18.7,2.9,6.5,.443,1.9,4.6,.413,1.0,1.9,.515,.588,0.9,1.1,.825,0.1,2.1,2.2,1.0,0.3,0.2,0.9,1.5,8.6
273,Kyle Korver\korveky01,PF,37,CLE,16,0,15.7,2.2,4.8,.461,1.6,3.4,.463,0.6,1.4,.455,.625,0.8,1.0,.813,0.0,1.8,1.8,1.1,0.2,0.1,1.1,1.4,6.8
273,Kyle Korver\korveky01,SG,37,UTA,35,0,20.1,3.2,7.4,.438,2.1,5.2,.398,1.2,2.2,.532,.578,1.0,1.2,.829,0.2,2.2,2.3,1.0,0.3,0.2,0.8,1.5,9.5
274,Kosta Koufos\koufoko01,C,29,SAC,31,1,12.2,1.7,3.5,.486,0.0,0.0,,1.7,3.5,.486,.486,0.2,0.5,.353,1.3,3.2,4.5,0.8,0.4,0.4,0.6,1.7,3.6
275,Rodions Kurucs\kurucro01,SF,20,BRK,41,29,20.9,3.4,7.3,.458,0.8,2.7,.300,2.6,4.7,.550,.513,1.2,1.4,.877,1.0,2.7,3.6,0.7,0.6,0.3,1.1,2.3,8.8
276,Kyle Kuzma\kuzmaky01,PF,23,LAL,53,51,32.7,7.3,15.6,.467,2.0,6.2,.319,5.3,9.4,.563,.530,2.6,3.5,.765,0.8,4.8,5.6,2.3,0.6,0.4,2.0,2.3,19.1
277,Skal Labissiere\labissk01,PF,22,TOT,14,0,8.1,0.9,2.1,.433,0.3,0.8,.364,0.6,1.4,.474,.500,0.4,0.8,.545,0.3,1.5,1.8,0.4,0.1,0.2,0.5,1.5,2.6
277,Skal Labissiere\labissk01,PF,22,SAC,13,0,8.7,1.0,2.3,.433,0.3,0.8,.364,0.7,1.5,.474,.500,0.5,0.8,.545,0.3,1.5,1.8,0.5,0.2,0.2,0.5,1.6,2.8
277,Skal Labissiere\labissk01,F,22,POR,1,0,1.0,0.0,0.0,,0.0,0.0,,0.0,0.0,,,0.0,0.0,,0.0,1.0,1.0,0.0,0.0,0.0,0.0,0.0,0.0
278,Jeremy Lamb\lambje01,SG,26,CHO,54,54,28.6,5.6,12.6,.442,1.4,4.0,.335,4.2,8.5,.493,.496,2.7,3.1,.864,0.9,4.7,5.6,2.0,1.0,0.3,1.0,1.9,15.2
279,Zach LaVine\lavinza01,SG,23,CHI,51,50,34.0,8.2,17.7,.462,1.7,4.9,.349,6.5,12.8,.505,.511,4.9,5.7,.859,0.5,3.9,4.5,4.4,0.9,0.4,3.3,2.2,23.0
280,Jake Layman\laymaja01,SF,24,POR,46,25,18.3,3.3,6.0,.542,1.0,2.7,.374,2.3,3.3,.675,.625,0.6,0.8,.730,0.8,2.1,2.9,0.7,0.5,0.4,0.6,1.3,8.1
281,T.J. Leaf\leaftj01,PF,21,IND,37,0,8.0,1.5,2.7,.550,0.1,0.6,.217,1.4,2.1,.649,.575,0.2,0.4,.563,0.5,1.3,1.8,0.4,0.1,0.2,0.3,0.6,3.4
282,Courtney Lee\leeco01,SG,33,TOT,16,2,11.6,1.4,3.1,.449,0.3,1.1,.294,1.1,2.0,.531,.500,0.6,0.9,.643,0.4,1.4,1.8,1.1,0.6,0.1,0.4,1.0,3.6
282,Courtney Lee\leeco01,SG,33,NYK,12,2,13.3,1.8,3.9,.447,0.4,1.3,.313,1.3,2.6,.516,.500,0.8,1.2,.643,0.5,1.8,2.3,1.3,0.7,0.2,0.4,1.1,4.7
282,Courtney Lee\leeco01,SG,33,DAL,4,0,6.3,0.3,0.5,.500,0.0,0.3,.000,0.3,0.3,1.000,.500,0.0,0.0,,0.0,0.3,0.3,0.3,0.5,0.0,0.3,0.8,0.5
283,Damion Lee\leeda03,SG,26,GSW,18,0,11.9,1.8,3.9,.451,0.8,2.1,.405,0.9,1.9,.500,.556,0.7,0.8,.800,0.3,1.7,2.0,0.2,0.4,0.0,0.4,1.1,5.1
284,Alex Len\lenal01,C,25,ATL,54,20,19.1,3.8,7.8,.482,0.6,1.8,.313,3.2,6.0,.534,.519,2.0,2.9,.684,2.2,3.5,5.6,1.0,0.4,0.9,1.5,2.6,10.1
285,Kawhi Leonard\leonaka01,SF,27,TOR,43,43,34.8,9.3,18.8,.492,1.8,4.9,.363,7.5,13.9,.538,.540,6.7,7.7,.864,1.3,6.3,7.7,3.3,1.9,0.4,2.1,1.5,27.0
286,Meyers Leonard\leoname01,C,26,POR,52,1,14.5,2.2,4.1,.542,0.9,1.9,.470,1.3,2.2,.607,.653,0.7,0.8,.818,0.8,3.1,3.9,1.2,0.3,0.2,0.7,1.7,6.0
287,Jon Leuer\leuerjo01,PF,29,DET,32,1,10.8,1.9,3.1,.606,0.0,0.3,.000,1.9,2.8,.667,.606,0.7,0.9,.759,0.7,2.0,2.7,0.4,0.4,0.1,0.7,1.6,4.4
288,Caris LeVert\leverca01,SF,24,BRK,17,15,28.5,6.5,14.1,.458,1.2,4.4,.284,5.2,9.8,.536,.502,2.6,3.7,.714,0.9,3.2,4.1,4.1,1.4,0.4,2.2,2.5,16.8
289,Damian Lillard\lillada01,PG,28,POR,56,56,35.3,8.7,19.3,.450,2.9,7.8,.373,5.8,11.5,.502,.525,6.1,6.7,.907,0.8,3.7,4.5,6.4,1.2,0.5,2.8,1.8,26.3
290,Jeremy Lin\linje01,PG,30,TOT,52,1,19.8,3.5,7.6,.466,0.8,2.6,.326,2.7,5.0,.539,.522,2.8,3.3,.847,0.3,2.1,2.4,3.6,0.8,0.2,1.9,1.9,10.7
290,Jeremy Lin\linje01,PG,30,ATL,51,1,19.7,3.5,7.6,.466,0.9,2.6,.333,2.7,5.0,.535,.523,2.8,3.3,.845,0.3,2.0,2.3,3.5,0.7,0.1,1.9,1.9,10.7
290,Jeremy Lin\linje01,G,30,TOR,1,0,25.0,3.0,7.0,.429,0.0,3.0,.000,3.0,4.0,.750,.429,2.0,2.0,1.000,0.0,5.0,5.0,5.0,1.0,1.0,3.0,1.0,8.0
291,Shaun Livingston\livinsh01,PG,33,GSW,45,0,15.3,1.8,3.7,.491,0.0,0.0,.000,1.8,3.6,.497,.491,0.8,1.0,.814,0.7,1.3,2.0,1.9,0.5,0.5,0.6,1.2,4.4
292,Zach Lofton\loftoza01,SG,26,DET,1,0,4.0,0.0,1.0,.000,0.0,1.0,.000,0.0,0.0,,.000,0.0,0.0,,0.0,0.0,0.0,0.0,1.0,0.0,1.0,0.0,0.0
293,Kevon Looney\looneke01,C,22,GSW,57,23,20.8,2.8,4.6,.610,0.0,0.2,.100,2.8,4.5,.630,.612,0.9,1.5,.628,2.6,3.3,5.9,1.8,0.6,0.8,0.7,2.8,6.6
294,Brook Lopez\lopezbr01,C,30,MIL,57,57,27.9,4.4,9.6,.454,2.4,6.5,.372,1.9,3.1,.629,.581,1.0,1.2,.817,0.4,3.9,4.2,1.1,0.6,2.1,1.0,2.2,12.1
295,Robin Lopez\lopezro01,C,30,CHI,50,12,17.8,3.1,5.6,.553,0.1,0.4,.250,3.0,5.2,.576,.562,0.8,1.2,.689,1.4,1.6,3.0,0.9,0.2,1.0,1.3,1.8,7.2
296,Kevin Love\loveke01,PF,30,CLE,6,6,26.3,4.3,13.3,.325,1.5,5.5,.273,2.8,7.8,.362,.381,5.5,6.5,.846,1.7,9.0,10.7,2.7,0.2,0.2,2.2,2.5,15.7
297,Kyle Lowry\lowryky01,PG,32,TOR,47,47,34.4,4.7,11.5,.410,2.3,6.9,.337,2.4,4.5,.521,.512,2.6,3.1,.836,0.6,3.8,4.5,9.2,1.4,0.5,2.8,2.7,14.3
298,Jordan Loyd\loydjo01,PG,25,TOR,8,0,4.5,0.6,1.4,.455,0.3,0.6,.400,0.4,0.8,.500,.545,0.5,0.6,.800,0.1,0.8,0.9,0.3,0.0,0.0,0.3,0.6,2.0
299,Kalin Lucas\lucaska01,PG,29,DET,1,0,6.0,0.0,1.0,.000,0.0,1.0,.000,0.0,0.0,,.000,2.0,2.0,1.000,0.0,3.0,3.0,1.0,0.0,0.0,0.0,1.0,2.0
300,Timothe Luwawu-Cabarrot\luwawti01,SF-SG,23,TOT,26,1,7.9,0.9,2.9,.307,0.4,1.5,.275,0.5,1.3,.343,.380,0.4,0.5,.786,0.2,1.0,1.2,0.2,0.2,0.1,0.3,1.0,2.6
300,Timothe Luwawu-Cabarrot\luwawti01,SF,23,OKC,21,1,5.9,0.6,2.0,.302,0.2,1.0,.227,0.4,1.0,.381,.360,0.2,0.3,.667,0.2,0.7,0.9,0.2,0.2,0.0,0.2,0.7,1.7
300,Timothe Luwawu-Cabarrot\luwawti01,SG,23,CHI,5,0,16.6,2.0,6.4,.313,1.2,3.6,.333,0.8,2.8,.286,.406,1.4,1.6,.875,0.2,2.6,2.8,0.2,0.4,0.2,0.4,2.2,6.6
301,Tyler Lydon\lydonty01,PF,22,DEN,21,0,4.1,0.4,0.8,.471,0.2,0.5,.400,0.2,0.3,.571,.588,0.0,0.1,.333,0.3,0.5,0.8,0.2,0.1,0.0,0.2,0.5,1.0
302,Trey Lyles\lylestr01,PF,23,DEN,55,1,18.6,3.5,8.3,.423,0.8,3.3,.254,2.7,5.0,.535,.474,1.4,2.0,.694,0.7,3.3,4.1,1.4,0.5,0.4,1.1,1.5,9.2
303,Shelvin Mack\macksh01,PG,28,TOT,55,3,22.3,2.9,7.2,.409,0.8,2.3,.359,2.1,4.9,.433,.467,1.0,1.5,.695,0.3,1.6,1.9,3.3,0.9,0.1,1.1,1.5,7.8
303,Shelvin Mack\macksh01,PG,28,MEM,53,3,22.7,3.0,7.3,.414,0.9,2.4,.359,2.2,4.9,.441,.473,1.0,1.4,.707,0.3,1.6,1.9,3.4,0.8,0.1,1.2,1.5,7.9
303,Shelvin Mack\macksh01,PG,28,CHO,2,0,12.0,0.5,3.5,.143,0.0,0.0,,0.5,3.5,.143,.143,2.0,3.5,.571,0.0,1.0,1.0,0.5,1.0,0.0,0.5,1.5,3.0
304,Daryl Macon\maconda01,SG,23,DAL,4,0,2.0,0.5,0.5,1.000,0.0,0.0,,0.5,0.5,1.000,1.000,0.0,0.0,,0.0,0.0,0.0,0.0,0.3,0.0,0.3,0.0,1.0
305,J.P. Macura\macurjp01,SG,23,CHO,1,0,14.0,2.0,8.0,.250,0.0,4.0,.000,2.0,4.0,.500,.250,0.0,0.0,,0.0,2.0,2.0,2.0,0.0,0.0,0.0,0.0,4.0
306,Ian Mahinmi\mahinia01,C,32,WAS,31,6,14.4,1.3,2.7,.494,0.0,0.4,.083,1.3,2.3,.563,.500,1.3,1.9,.683,1.3,2.2,3.5,0.8,0.8,0.5,0.6,2.4,4.0
307,Thon Maker\makerth01,C-PF,21,TOT,38,0,11.8,1.6,3.8,.428,0.7,2.2,.321,0.9,1.6,.574,.521,0.6,1.1,.585,0.5,2.2,2.7,0.5,0.3,0.5,0.3,1.6,4.6
307,Thon Maker\makerth01,C,21,MIL,35,0,11.7,1.7,3.8,.440,0.7,2.2,.333,0.9,1.6,.589,.537,0.6,1.1,.541,0.5,2.3,2.7,0.5,0.3,0.5,0.3,1.6,4.7
307,Thon Maker\makerth01,PF,21,DET,3,0,13.7,1.0,3.7,.273,0.3,2.0,.167,0.7,1.7,.400,.318,1.3,1.3,1.000,1.0,1.7,2.7,0.3,0.0,0.7,1.3,1.7,3.7
308,Boban Marjanovic\marjabo01,C,30,TOT,40,9,10.7,2.5,4.0,.620,0.0,0.1,.000,2.5,3.9,.632,.620,1.9,2.4,.763,1.5,2.8,4.2,0.7,0.3,0.5,1.1,1.6,6.8
308,Boban Marjanovic\marjabo01,C,30,LAC,36,9,10.4,2.4,3.9,.607,0.0,0.1,.000,2.4,3.8,.616,.607,2.0,2.6,.758,1.5,2.7,4.2,0.6,0.3,0.5,1.0,1.6,6.7
308,Boban Marjanovic\marjabo01,C,30,PHI,4,0,13.0,3.3,4.5,.722,0.0,0.3,.000,3.3,4.3,.765,.722,0.5,0.5,1.000,1.0,3.3,4.3,1.3,0.0,0.8,1.3,1.5,7.0
309,Lauri Markkanen\markkla01,PF,21,CHI,35,34,32.3,6.6,15.0,.437,2.5,6.6,.383,4.1,8.5,.480,.521,2.8,3.2,.876,1.3,7.5,8.8,1.3,0.8,0.7,1.6,2.3,18.5
310,Jarell Martin\martija01,PF,24,ORL,32,1,7.9,1.1,2.5,.432,0.5,1.2,.385,0.6,1.3,.476,.525,0.2,0.3,.875,0.2,1.4,1.6,0.4,0.1,0.2,0.3,1.1,2.9
311,Frank Mason\masonfr01,PG,24,SAC,34,0,11.6,1.7,4.2,.415,0.3,1.5,.220,1.4,2.7,.522,.454,1.1,1.6,.679,0.1,1.0,1.1,2.4,0.5,0.1,0.9,0.9,4.9
312,Wesley Matthews\matthwe02,SF-SG,32,TOT,48,47,29.7,4.2,10.5,.400,2.2,5.9,.371,2.0,4.6,.437,.504,2.0,2.5,.800,0.5,1.9,2.4,2.3,0.7,0.3,1.3,2.3,12.6
312,Wesley Matthews\matthwe02,SF,32,DAL,44,44,29.8,4.4,10.7,.414,2.3,6.0,.380,2.1,4.7,.456,.520,2.0,2.5,.791,0.5,1.9,2.3,2.3,0.8,0.3,1.3,2.3,13.1
312,Wesley Matthews\matthwe02,SG,32,NYK,2,1,27.0,2.0,9.5,.211,1.0,5.0,.200,1.0,4.5,.222,.263,2.0,2.5,.800,0.5,1.0,1.5,2.5,0.5,0.5,1.0,1.0,7.0
312,Wesley Matthews\matthwe02,SG,32,IND,2,2,30.5,2.0,8.5,.235,1.5,5.0,.300,0.5,3.5,.143,.324,2.5,2.5,1.000,0.5,3.5,4.0,2.5,0.5,0.0,0.5,3.5,8.0
313,Luc Mbah a Moute\mbahalu01,PF,32,LAC,4,0,15.3,2.0,4.5,.444,0.5,1.5,.333,1.5,3.0,.500,.500,0.5,1.3,.400,0.5,1.3,1.8,0.5,0.3,0.3,0.5,2.0,5.0
314,Patrick McCaw\mccawpa01,SG,23,TOT,13,0,12.7,0.7,2.2,.321,0.2,1.0,.154,0.5,1.2,.467,.357,0.5,0.5,1.000,0.5,1.5,1.9,0.8,0.8,0.1,0.8,1.2,2.0
314,Patrick McCaw\mccawpa01,SG,23,CLE,3,0,17.7,0.7,3.0,.222,0.3,1.3,.250,0.3,1.7,.200,.278,0.0,0.0,,0.0,1.0,1.0,0.7,0.7,0.0,1.0,0.3,1.7
314,Patrick McCaw\mccawpa01,SG,23,TOR,10,0,11.2,0.7,1.9,.368,0.1,0.9,.111,0.6,1.0,.600,.395,0.6,0.6,1.000,0.6,1.6,2.2,0.9,0.8,0.1,0.7,1.5,2.1
315,CJ McCollum\mccolcj01,SG,27,POR,56,56,34.0,8.2,18.0,.457,2.3,6.3,.362,5.9,11.7,.508,.520,2.3,2.8,.832,0.9,3.1,4.0,2.8,0.8,0.4,1.6,2.4,21.0
316,T.J. McConnell\mccontj01,PG,26,PHI,52,1,20.7,3.0,5.4,.555,0.2,0.7,.353,2.8,4.8,.582,.576,0.4,0.5,.769,0.4,1.9,2.3,3.8,1.3,0.3,1.3,1.6,6.7
317,Doug McDermott\mcderdo01,SF,27,IND,53,0,17.3,2.4,5.1,.465,1.1,2.8,.387,1.3,2.2,.563,.572,0.9,1.0,.870,0.2,1.2,1.3,0.8,0.2,0.1,0.5,1.3,6.7
318,JaVale McGee\mcgeeja01,C,31,LAL,50,40,21.7,4.9,8.1,.603,0.0,0.2,.125,4.9,8.0,.613,.605,1.3,2.1,.635,2.4,4.5,6.9,0.7,0.6,2.0,1.4,2.5,11.1
319,Rodney McGruder\mcgruro01,SG,27,MIA,51,44,25.3,3.1,7.8,.402,1.3,3.7,.351,1.8,4.1,.449,.486,0.8,1.0,.755,0.9,2.9,3.7,1.9,0.6,0.2,1.2,2.0,8.4
320,Alfonzo McKinnie\mckinal01,SF,26,GSW,48,1,14.1,2.0,4.1,.490,0.6,1.7,.350,1.4,2.4,.586,.561,0.3,0.6,.516,1.3,2.3,3.5,0.4,0.2,0.2,0.5,1.9,4.9
321,Ben McLemore\mclembe01,SG,25,SAC,19,0,8.3,1.3,3.4,.391,0.9,2.2,.415,0.4,1.2,.348,.523,0.4,0.6,.667,0.2,0.7,0.9,0.2,0.3,0.2,0.3,1.2,3.9
322,Jordan McRae\mcraejo01,SG,27,WAS,19,0,9.1,1.7,3.5,.500,0.4,0.8,.533,1.3,2.7,.490,.561,0.4,0.6,.583,0.2,0.9,1.1,0.6,0.3,0.3,0.5,0.6,4.3
323,Salah Mejri\mejrisa01,C,32,DAL,17,2,6.8,0.9,1.7,.552,0.0,0.1,.000,0.9,1.6,.593,.552,0.4,0.5,.875,0.8,1.5,2.3,0.4,0.2,0.2,0.2,0.9,2.3
324,De'Anthony Melton\meltode01,PG,20,PHO,33,25,20.5,2.2,5.8,.368,0.7,2.3,.312,1.4,3.5,.405,.430,0.5,0.5,.833,0.5,2.1,2.6,3.3,1.5,0.5,1.7,2.6,5.5
325,Chimezie Metu\metuch01,PF,21,SAS,26,0,5.2,0.7,2.1,.315,0.0,0.1,.000,0.7,2.0,.327,.315,0.5,0.7,.765,0.3,1.0,1.3,0.5,0.2,0.1,0.5,0.5,1.8
326,Khris Middleton\middlkh01,SF,27,MIL,54,54,31.1,6.1,14.0,.436,2.3,6.0,.378,3.8,8.0,.479,.517,2.6,3.1,.846,0.5,5.3,5.8,4.2,1.1,0.1,2.2,2.2,17.1
327,C.J. Miles\milescj01,SF,31,TOT,43,1,14.7,2.0,5.5,.357,1.1,3.5,.316,0.8,1.9,.434,.460,0.9,1.1,.804,0.3,1.5,1.8,0.7,0.4,0.2,0.5,1.5,5.9
327,C.J. Miles\milescj01,SF,31,TOR,40,1,14.1,1.8,5.2,.340,1.1,3.4,.314,0.7,1.7,.391,.444,0.9,1.1,.795,0.3,1.4,1.7,0.6,0.5,0.3,0.5,1.6,5.5
327,C.J. Miles\milescj01,SF,31,MEM,3,0,22.7,4.7,9.7,.483,1.7,5.0,.333,3.0,4.7,.643,.569,0.7,0.7,1.000,0.0,2.7,2.7,2.0,0.0,0.0,0.7,1.3,11.7
328,Darius Miller\milleda01,SF,28,NOP,54,15,25.4,2.7,6.9,.389,2.0,5.3,.373,0.7,1.6,.442,.532,0.7,0.8,.837,0.2,1.6,1.8,1.8,0.6,0.4,0.8,2.4,8.0
329,Patty Mills\millspa02,PG,30,SAS,59,1,23.8,3.5,8.0,.438,1.9,4.7,.408,1.6,3.3,.482,.559,1.2,1.4,.854,0.3,2.0,2.3,3.1,0.7,0.2,1.2,1.5,10.1
330,Paul Millsap\millspa01,PF,33,DEN,46,41,25.7,4.5,9.2,.489,0.7,2.0,.352,3.8,7.2,.527,.527,2.5,3.5,.725,2.1,4.6,6.7,1.9,1.2,0.8,1.3,2.5,12.2
331,Shake Milton\miltosh01,SG,22,PHI,13,0,9.7,1.5,3.5,.435,0.8,1.9,.400,0.8,1.6,.476,.543,0.3,0.4,.800,0.5,1.0,1.5,1.0,0.3,0.2,0.2,1.1,4.2
332,Nikola Mirotic\mirotni01,PF,27,NOP,32,22,28.9,5.7,12.7,.447,2.7,7.2,.368,3.0,5.5,.551,.552,2.7,3.2,.842,1.4,6.8,8.3,1.1,0.7,0.8,1.2,2.7,16.7
333,Donovan Mitchell\mitchdo01,SG,22,UTA,53,53,33.3,8.2,19.6,.418,2.2,6.7,.322,6.0,12.9,.469,.474,3.8,4.8,.794,0.7,3.2,3.9,4.0,1.5,0.3,2.7,2.7,22.4
334,Naz Mitrou-Long\mitrona01,SG,25,UTA,10,0,3.9,0.2,0.8,.250,0.1,0.6,.167,0.1,0.2,.500,.313,0.0,0.0,,0.0,0.2,0.2,0.4,0.0,0.0,0.3,0.5,0.5
335,Malik Monk\monkma01,SG,20,CHO,54,0,18.5,3.6,9.1,.397,1.6,4.9,.333,2.0,4.2,.471,.487,1.5,1.6,.898,0.2,1.6,1.8,1.8,0.5,0.3,1.3,1.4,10.3
336,Greg Monroe\monrogr01,C,28,TOR,38,2,11.1,1.9,4.2,.460,0.0,0.1,.000,1.9,4.1,.471,.460,0.9,1.6,.574,1.6,2.5,4.1,0.4,0.3,0.2,0.8,1.6,4.8
337,E'Twaun Moore\mooreet01,SF,29,NOP,47,36,28.8,5.0,10.3,.488,1.4,3.3,.432,3.6,7.0,.514,.557,0.8,1.1,.760,0.7,1.7,2.5,2.0,0.7,0.2,1.2,2.2,12.3
338,Eric Moreland\moreler01,PF,27,PHO,1,0,5.0,0.0,0.0,,0.0,0.0,,0.0,0.0,,,0.0,0.0,,0.0,3.0,3.0,0.0,0.0,0.0,0.0,1.0,0.0
339,Jaylen Morris\morrija01,SG,23,MIL,4,0,7.3,1.0,2.5,.400,0.3,0.8,.333,0.8,1.8,.429,.450,0.3,0.5,.500,0.0,1.3,1.3,1.0,0.5,0.0,0.3,0.3,2.5
340,Marcus Morris\morrima03,PF,29,BOS,53,36,27.7,5.3,11.1,.476,2.1,5.1,.409,3.2,6.1,.533,.569,1.9,2.2,.868,0.9,5.2,6.1,1.4,0.6,0.3,1.3,2.5,14.5
341,Markieff Morris\morrima02,PF,29,WAS,34,15,26.0,4.2,9.6,.436,1.4,4.2,.333,2.8,5.4,.516,.509,1.7,2.1,.781,1.2,3.9,5.1,1.8,0.7,0.6,1.4,3.4,11.5
342,Monte Morris\morrimo01,PG,23,DEN,57,5,25.0,4.4,8.9,.497,1.2,2.8,.431,3.2,6.1,.527,.565,0.8,1.0,.782,0.4,2.2,2.6,3.9,0.9,0.0,0.6,1.3,10.8
343,Johnathan Motley\motlejo01,PF,23,LAC,15,0,8.1,1.9,3.9,.492,0.0,0.2,.000,1.9,3.7,.518,.492,1.2,1.9,.621,1.0,1.4,2.4,0.5,0.3,0.1,0.9,1.2,5.1
344,Emmanuel Mudiay\mudiaem01,PG,22,NYK,39,32,26.6,5.6,12.4,.453,1.1,3.4,.308,4.6,9.0,.509,.496,2.4,3.2,.760,0.6,2.4,3.1,3.9,0.8,0.3,2.1,1.8,14.7
345,Jamal Murray\murraja01,PG,21,DEN,51,50,33.5,6.9,16.0,.430,2.0,5.3,.368,4.9,10.7,.461,.491,2.5,3.0,.843,0.9,3.3,4.2,5.0,0.8,0.4,2.4,2.1,18.3
346,Dzanan Musa\musadz01,SG,19,BRK,8,0,4.3,1.0,2.5,.400,0.0,1.1,.000,1.0,1.4,.727,.400,0.0,0.3,.000,0.1,0.4,0.5,0.1,0.3,0.0,0.5,0.1,2.0
347,Mike Muscala\muscami01,PF,27,TOT,48,6,22.0,2.3,5.9,.393,1.5,4.3,.343,0.9,1.7,.519,.516,1.3,1.6,.818,1.1,3.1,4.2,1.3,0.4,0.6,0.9,2.4,7.4
347,Mike Muscala\muscami01,PF,27,PHI,47,6,22.1,2.3,5.9,.392,1.4,4.2,.342,0.9,1.7,.519,.514,1.3,1.6,.818,1.1,3.2,4.3,1.3,0.4,0.6,0.9,2.4,7.4
347,Mike Muscala\muscami01,PF,27,LAL,1,0,13.0,3.0,7.0,.429,2.0,5.0,.400,1.0,2.0,.500,.571,0.0,0.0,,0.0,1.0,1.0,2.0,0.0,0.0,0.0,1.0,8.0
348,Sviatoslav Mykhailiuk\mykhasv01,SF-SG,21,TOT,40,0,10.7,1.1,3.4,.331,0.7,2.2,.322,0.4,1.2,.347,.434,0.3,0.5,.600,0.2,0.7,0.9,0.9,0.3,0.0,0.5,0.6,3.3
348,Sviatoslav Mykhailiuk\mykhasv01,SF,21,LAL,39,0,10.8,1.1,3.4,.333,0.7,2.2,.318,0.4,1.2,.362,.436,0.3,0.5,.600,0.2,0.7,0.9,0.8,0.3,0.0,0.5,0.6,3.3
348,Sviatoslav Mykhailiuk\mykhasv01,SG,21,DET,1,0,9.0,1.0,4.0,.250,1.0,2.0,.500,0.0,2.0,.000,.375,0.0,0.0,,0.0,1.0,1.0,2.0,0.0,0.0,1.0,0.0,3.0
349,Abdel Nader\naderab01,SF,25,OKC,38,1,10.1,1.5,3.3,.464,0.4,1.3,.354,1.1,2.0,.532,.532,0.4,0.5,.737,0.2,1.6,1.8,0.3,0.2,0.1,0.4,1.1,3.9
350,Larry Nance\nancela02,C,26,CLE,48,20,26.2,3.6,7.0,.510,0.4,1.2,.375,3.1,5.8,.538,.542,1.5,2.1,.720,2.6,5.7,8.3,3.0,1.4,0.7,1.4,2.9,9.1
351,Shabazz Napier\napiesh01,PG,27,BRK,47,2,18.1,3.1,7.9,.392,1.4,3.9,.351,1.7,3.9,.432,.480,2.3,2.7,.822,0.3,1.6,1.9,2.6,0.8,0.3,1.2,1.2,9.8
352,Raul Neto\netora01,PG,26,UTA,22,1,12.0,1.9,3.7,.519,0.5,1.4,.323,1.5,2.3,.640,.580,0.8,0.9,.850,0.1,1.3,1.4,2.2,0.4,0.0,0.9,1.1,5.0
353,Georges Niang\niangge01,PF,25,UTA,42,0,7.4,1.1,2.5,.442,0.7,1.7,.408,0.4,0.8,.515,.582,0.2,0.3,.769,0.2,1.1,1.3,0.5,0.2,0.1,0.3,0.9,3.1
354,Joakim Noah\noahjo01,C,33,MEM,29,0,14.3,2.1,4.1,.500,0.0,0.0,,2.1,4.1,.500,.500,1.1,1.7,.660,1.3,3.4,4.7,1.6,0.4,0.6,1.0,1.9,5.3
355,Nerlens Noel\noelne01,C,24,OKC,53,2,14.4,2.2,3.8,.576,0.0,0.0,,2.2,3.8,.576,.576,0.7,0.9,.740,1.8,3.0,4.7,0.6,1.0,1.3,0.6,2.2,5.1
356,Dirk Nowitzki\nowitdi01,PF,40,DAL,26,0,11.0,1.7,4.8,.355,1.0,3.1,.309,0.7,1.7,.442,.456,0.4,0.5,.833,0.0,1.7,1.7,0.3,0.2,0.3,0.3,1.3,4.7
357,Frank Ntilikina\ntilila01,PG,20,NYK,41,16,21.3,2.3,6.7,.342,0.8,2.7,.291,1.5,4.0,.376,.400,0.5,0.7,.750,0.2,1.8,2.0,2.8,0.7,0.3,1.3,2.4,5.9
358,James Nunnally\nunnaja01,SF,28,TOT,15,0,6.8,0.8,2.3,.353,0.5,1.7,.320,0.3,0.6,.444,.471,0.3,0.3,1.000,0.0,0.3,0.3,0.5,0.1,0.0,0.1,0.7,2.4
358,James Nunnally\nunnaja01,SF,28,MIN,13,0,4.9,0.7,1.6,.429,0.4,1.0,.385,0.3,0.6,.500,.548,0.3,0.3,1.000,0.0,0.3,0.3,0.4,0.1,0.0,0.1,0.3,2.1
358,James Nunnally\nunnaja01,SF,28,HOU,2,0,19.0,1.5,6.5,.231,1.5,6.0,.250,0.0,0.5,.000,.346,0.0,0.0,,0.0,0.5,0.5,1.0,0.0,0.0,0.0,3.0,4.5
359,Jusuf Nurkic\nurkiju01,C,24,POR,56,56,27.3,5.6,11.3,.501,0.1,0.4,.120,5.6,10.8,.517,.503,3.7,4.9,.749,3.4,6.8,10.2,3.2,1.0,1.5,2.3,3.4,15.0
360,David Nwaba\nwabada01,SG,26,CLE,27,11,18.4,2.4,5.2,.454,0.5,1.6,.295,1.9,3.6,.526,.500,1.4,2.2,.633,0.9,2.4,3.3,0.9,0.6,0.3,0.6,1.9,6.6
361,Royce O'Neale\onealro01,SF,25,UTA,57,9,18.7,2.0,4.0,.493,0.8,1.9,.439,1.1,2.1,.542,.597,0.5,0.6,.750,0.3,3.0,3.3,1.3,0.7,0.3,0.9,1.9,5.2
362,Kyle O'Quinn\oquinky01,C,28,IND,32,0,7.0,1.1,2.5,.444,0.0,0.3,.091,1.1,2.2,.500,.451,0.3,0.3,.900,0.5,1.7,2.2,1.0,0.1,0.6,0.7,1.3,2.6
363,Semi Ojeleye\ojelese01,PF,24,BOS,40,2,10.7,1.3,2.9,.431,0.5,1.7,.309,0.7,1.2,.604,.522,0.4,0.6,.682,0.4,1.2,1.6,0.4,0.2,0.1,0.3,0.8,3.4
364,Jahlil Okafor\okafoja01,C,23,NOP,38,13,15.0,3.4,5.7,.601,0.0,0.0,.000,3.4,5.7,.604,.601,1.1,1.5,.714,1.6,3.1,4.8,0.6,0.3,0.7,0.8,1.8,7.9
365,Elie Okobo\okoboel01,PG,21,PHO,41,11,18.9,2.2,5.8,.380,0.7,2.6,.276,1.5,3.2,.462,.441,0.7,0.9,.829,0.2,1.8,2.0,2.6,0.6,0.1,1.4,2.3,5.8
366,Josh Okogie\okogijo01,SG,20,MIN,49,27,22.7,2.6,7.1,.364,0.8,3.1,.260,1.8,4.0,.444,.421,1.6,2.2,.745,0.6,2.4,3.0,1.2,1.0,0.4,1.0,2.3,7.6
367,Victor Oladipo\oladivi01,SG,26,IND,36,36,31.9,6.9,16.3,.423,2.1,6.0,.343,4.9,10.3,.470,.486,2.9,3.9,.730,0.6,5.0,5.6,5.2,1.7,0.3,2.3,2.0,18.8
368,Kelly Olynyk\olynyke01,PF,27,MIA,53,10,20.3,2.9,6.5,.452,1.4,4.1,.340,1.6,2.5,.638,.558,1.8,2.2,.788,0.9,3.4,4.4,1.7,0.6,0.4,1.5,2.2,9.0
369,Cedi Osman\osmande01,SF,23,CLE,52,51,31.4,4.6,10.8,.425,1.5,4.7,.327,3.1,6.1,.502,.496,1.9,2.5,.754,0.6,4.1,4.6,2.3,0.8,0.2,1.6,2.6,12.6
370,Kelly Oubre\oubreke01,SF,23,TOT,57,7,27.0,5.0,11.4,.438,1.5,4.8,.314,3.5,6.6,.528,.504,2.6,3.4,.781,1.0,3.5,4.5,1.1,1.0,0.8,1.3,2.6,14.1
370,Kelly Oubre\oubreke01,SF,23,WAS,29,7,26.0,4.6,10.5,.433,1.4,4.6,.311,3.1,6.0,.526,.500,2.3,2.9,.800,0.8,3.6,4.4,0.7,0.9,0.7,1.0,2.4,12.9
370,Kelly Oubre\oubreke01,SF,23,PHO,28,0,28.0,5.5,12.3,.443,1.6,5.0,.317,3.9,7.4,.529,.507,2.9,3.8,.766,1.1,3.5,4.6,1.6,1.1,1.0,1.6,2.8,15.4
371,Zaza Pachulia\pachuza01,C,34,DET,46,3,14.5,1.4,3.2,.452,0.0,0.1,.000,1.4,3.1,.465,.452,1.7,2.2,.770,1.8,2.7,4.6,1.4,0.6,0.3,0.9,2.4,4.5
372,Jabari Parker\parkeja01,PF,23,TOT,43,17,26.8,5.6,11.7,.477,0.9,2.9,.310,4.7,8.8,.533,.516,2.0,2.8,.723,1.0,5.3,6.3,2.4,0.7,0.4,2.2,2.2,14.1
372,Jabari Parker\parkeja01,PF,23,CHI,39,17,26.7,5.6,11.9,.474,0.9,2.9,.325,4.7,9.0,.523,.514,2.0,2.8,.731,1.1,5.1,6.2,2.2,0.6,0.4,2.2,2.2,14.3
372,Jabari Parker\parkeja01,PF,23,WAS,4,0,28.0,5.0,9.8,.513,0.5,3.0,.167,4.5,6.8,.667,.538,1.8,2.8,.636,0.8,6.8,7.5,5.3,1.3,0.8,2.5,2.3,12.3
373,Tony Parker\parketo01,PG,36,CHO,46,0,18.2,3.8,8.3,.457,0.2,0.9,.225,3.6,7.5,.484,.469,1.8,2.4,.730,0.2,1.2,1.5,3.8,0.4,0.1,1.3,1.0,9.6
374,Chandler Parsons\parsoch01,SF,30,MEM,3,3,15.3,2.3,5.7,.412,1.0,3.3,.300,1.3,2.3,.571,.500,0.0,0.0,,0.3,1.0,1.3,0.7,0.3,0.3,0.7,2.3,5.7
375,Patrick Patterson\pattepa01,PF,29,OKC,57,5,14.7,1.4,3.8,.378,0.8,2.4,.338,0.6,1.4,.444,.484,0.3,0.5,.633,0.7,1.8,2.5,0.5,0.3,0.2,0.4,0.8,4.0
376,Chris Paul\paulch01,PG,33,HOU,34,34,32.5,5.2,12.4,.419,2.1,5.9,.351,3.1,6.4,.482,.504,3.2,3.8,.831,0.6,3.6,4.1,8.0,2.1,0.3,2.8,2.5,15.6
377,Cameron Payne\payneca01,PG,24,TOT,40,13,17.8,2.4,5.6,.430,0.6,2.1,.298,1.8,3.5,.511,.487,0.8,1.0,.805,0.3,1.5,1.8,2.7,0.7,0.2,1.1,1.6,6.3
377,Cameron Payne\payneca01,PG,24,CHI,31,12,17.3,2.2,5.4,.411,0.5,1.9,.271,1.7,3.5,.486,.458,0.7,0.8,.880,0.3,1.4,1.7,2.7,0.6,0.2,1.1,1.6,5.7
377,Cameron Payne\payneca01,PG,24,CLE,9,1,19.6,3.0,6.1,.491,1.0,2.8,.360,2.0,3.3,.600,.573,1.2,1.8,.688,0.3,1.8,2.1,2.6,0.9,0.3,1.2,1.7,8.2
378,Elfrid Payton\paytoel01,PG,24,NOP,19,19,26.9,3.9,9.0,.439,0.7,1.9,.351,3.3,7.1,.463,.477,1.2,1.6,.742,0.7,2.9,3.7,5.8,1.2,0.3,2.4,1.9,9.8
379,Gary Payton\paytoga02,PG,26,WAS,3,0,5.3,1.7,2.7,.625,0.3,0.7,.500,1.3,2.0,.667,.688,0.0,0.0,,0.3,0.3,0.7,1.3,1.0,0.3,0.3,0.7,3.7
380,Theo Pinson\pinsoth01,SG,23,BRK,11,0,14.6,1.6,4.7,.346,0.7,2.7,.267,0.9,2.0,.455,.423,1.4,1.5,.938,0.2,2.5,2.6,1.5,0.4,0.0,1.3,1.0,5.4
381,Mason Plumlee\plumlma01,C,28,DEN,57,16,20.6,3.4,5.5,.617,0.0,0.1,.167,3.4,5.4,.626,.619,1.4,2.6,.541,2.1,3.9,6.0,2.7,0.9,0.9,1.6,3.2,8.1
382,Miles Plumlee\plumlmi01,C,30,ATL,18,0,9.6,1.8,2.7,.667,0.0,0.0,,1.8,2.7,.667,.667,0.9,1.7,.533,0.9,1.3,2.2,0.9,0.3,0.2,0.6,0.8,4.4
383,Jakob Poeltl\poeltja01,C,23,SAS,55,8,14.8,2.2,3.5,.641,0.0,0.0,,2.2,3.5,.641,.641,0.7,1.2,.559,2.1,2.6,4.7,1.2,0.2,0.6,0.7,1.5,5.2
384,Quincy Pondexter\pondequ01,SF,30,SAS,43,0,5.7,0.6,1.1,.490,0.1,0.4,.333,0.4,0.7,.581,.551,0.6,0.8,.771,0.2,0.8,0.9,0.5,0.2,0.0,0.2,0.5,1.9
385,Otto Porter\porteot01,SF,25,TOT,45,32,29.6,5.3,11.1,.476,1.7,4.3,.390,3.6,6.8,.531,.552,1.2,1.6,.767,1.1,4.6,5.6,2.0,1.5,0.5,1.1,2.0,13.5
385,Otto Porter\porteot01,SF,25,WAS,41,28,29.0,4.9,10.8,.457,1.6,4.3,.369,3.3,6.5,.515,.531,1.2,1.6,.766,1.0,4.7,5.6,2.0,1.6,0.5,1.0,1.9,12.6
385,Otto Porter\porteot01,SF,25,CHI,4,4,34.8,9.0,14.5,.621,2.8,4.8,.579,6.3,9.8,.641,.716,1.8,2.3,.778,2.0,3.8,5.8,2.3,0.8,0.5,2.0,2.3,22.5
386,Bobby Portis\portibo01,PF,23,TOT,26,6,24.9,5.8,12.6,.465,1.5,3.6,.415,4.3,9.0,.485,.524,1.7,2.2,.768,1.9,5.4,7.3,1.4,0.6,0.4,1.4,2.8,14.8
386,Bobby Portis\portibo01,PF,23,CHI,22,6,24.1,5.5,12.3,.450,1.2,3.3,.375,4.3,9.0,.477,.500,1.8,2.3,.780,2.1,5.2,7.3,1.3,0.5,0.4,1.3,2.8,14.1
386,Bobby Portis\portibo01,PF,23,WAS,4,0,29.3,7.5,14.0,.536,3.0,5.5,.545,4.5,8.5,.529,.643,1.0,1.5,.667,1.0,6.3,7.3,2.0,1.0,0.5,1.8,3.3,19.0
387,Dwight Powell\poweldw01,C,27,DAL,53,0,17.5,3.1,5.3,.580,0.3,1.4,.243,2.8,3.9,.699,.611,2.2,2.8,.755,1.4,3.0,4.4,1.0,0.5,0.6,0.8,2.4,8.7
388,Norman Powell\powelno01,SG,25,TOR,37,3,18.8,3.1,6.6,.473,1.0,2.9,.349,2.1,3.7,.569,.549,1.2,1.4,.811,0.2,1.7,1.9,1.6,0.7,0.2,0.9,1.7,8.4
389,Alex Poythress\poythal01,PF,25,ATL,18,1,13.5,1.9,3.6,.538,0.4,1.0,.389,1.6,2.6,.596,.592,0.6,1.2,.524,1.3,1.9,3.3,0.7,0.2,0.4,0.6,2.2,4.9
390,Zhou Qi\qizh01,PF,23,HOU,1,0,1.0,1.0,1.0,1.000,0.0,0.0,,1.0,1.0,1.000,1.000,0.0,0.0,,0.0,0.0,0.0,0.0,0.0,0.0,0.0,0.0,2.0
391,Ivan Rabb\rabbiv01,PF,21,MEM,29,5,11.0,2.1,3.4,.612,0.0,0.1,.250,2.0,3.2,.628,.617,0.8,1.2,.639,1.3,2.2,3.5,0.7,0.2,0.2,0.7,1.4,5.0
392,Chasson Randle\randlch01,PG,25,WAS,28,2,15.6,2.0,4.5,.441,1.0,2.2,.435,1.0,2.3,.446,.547,0.9,1.4,.650,0.3,1.0,1.3,2.1,0.5,0.0,1.1,2.1,5.9
393,Julius Randle\randlju01,C,24,NOP,52,28,29.5,7.3,13.6,.540,0.7,2.1,.343,6.6,11.5,.576,.567,4.8,6.5,.739,2.1,7.0,9.1,3.0,0.6,0.6,2.6,3.4,20.2
394,J.J. Redick\redicjj01,SG,34,PHI,54,41,31.2,6.2,13.7,.453,3.1,7.9,.395,3.1,5.8,.530,.566,3.0,3.4,.906,0.3,1.9,2.2,2.8,0.4,0.2,1.4,1.8,18.6
395,Davon Reed\reedda01,SG,23,IND,7,0,2.9,0.3,0.6,.500,0.1,0.1,1.000,0.1,0.4,.333,.625,0.0,0.0,,0.1,0.1,0.3,0.3,0.0,0.0,0.1,0.1,0.7
396,Josh Richardson\richajo01,SG,25,MIA,54,54,34.7,6.1,14.6,.418,2.5,6.5,.378,3.6,8.1,.450,.502,2.9,3.4,.863,0.7,2.8,3.6,3.9,1.1,0.5,1.8,2.9,17.6
397,Malachi Richardson\richama01,SG,23,TOR,22,0,4.7,0.4,1.3,.310,0.4,1.1,.320,0.0,0.2,.250,.448,0.2,0.2,.800,0.1,0.5,0.6,0.0,0.0,0.0,0.4,0.6,1.4
398,Austin Rivers\riverau01,SG-PG,26,TOT,53,15,27.9,3.2,8.0,.404,1.5,4.6,.321,1.8,3.4,.517,.496,0.8,1.4,.541,0.4,2.0,2.4,2.5,0.6,0.3,1.0,2.9,8.7
398,Austin Rivers\riverau01,SG,26,WAS,29,2,23.6,2.6,6.7,.392,1.1,3.7,.311,1.5,3.0,.489,.477,0.9,1.6,.543,0.4,2.1,2.4,2.0,0.6,0.3,1.2,2.5,7.2
398,Austin Rivers\riverau01,PG,26,HOU,24,13,33.3,4.0,9.7,.414,1.9,5.8,.329,2.1,3.8,.543,.513,0.6,1.2,.536,0.4,2.0,2.4,3.2,0.6,0.3,0.8,3.3,10.5
399,Devin Robinson\robinde01,SF,23,WAS,4,0,8.0,2.0,3.3,.615,0.0,0.0,,2.0,3.3,.615,.615,0.8,1.5,.500,0.5,1.3,1.8,0.5,0.8,0.3,0.0,0.5,4.8
400,Duncan Robinson\robindu01,PF,24,MIA,6,0,6.0,0.5,1.3,.375,0.3,1.2,.286,0.2,0.2,1.000,.500,0.0,0.0,,0.0,1.2,1.2,0.0,0.2,0.0,0.0,0.2,1.3
401,Glenn Robinson\robingl02,SF,25,DET,32,17,13.7,1.4,3.8,.383,0.4,1.3,.302,1.0,2.4,.429,.438,0.8,1.0,.818,0.3,1.0,1.3,0.4,0.3,0.2,0.5,0.9,4.1
402,Jerome Robinson\robinje01,SG,21,LAC,23,0,9.5,1.3,3.2,.397,0.6,1.7,.350,0.7,1.4,.455,.493,0.2,0.3,.667,0.1,1.0,1.1,0.3,0.3,0.1,0.1,1.5,3.3
403,Mitchell Robinson\robinmi01,C,20,NYK,42,12,17.9,2.7,3.8,.696,0.0,0.0,,2.7,3.8,.696,.696,0.8,1.6,.515,2.4,2.3,4.7,0.5,0.7,2.1,0.5,3.0,6.1
404,Rajon Rondo\rondora01,PG,32,LAL,23,9,28.0,3.7,8.4,.443,1.0,2.3,.423,2.8,6.2,.451,.500,0.5,0.9,.550,0.8,4.3,5.1,7.6,0.9,0.2,2.6,2.5,8.9
405,Derrick Rose\rosede01,PG,30,MIN,41,13,28.5,7.1,14.9,.477,1.3,3.2,.402,5.8,11.7,.498,.520,2.7,3.2,.854,0.6,2.1,2.8,4.8,0.6,0.3,1.7,1.1,18.2
406,Terrence Ross\rosste01,SG,27,ORL,59,0,26.3,5.4,12.5,.434,2.4,6.4,.381,3.0,6.1,.490,.532,1.3,1.5,.857,0.3,3.0,3.3,1.5,0.9,0.4,1.0,1.5,14.6
407,Terry Rozier\roziete01,PG,24,BOS,57,10,23.3,3.2,8.5,.384,1.5,4.2,.364,1.7,4.2,.404,.475,1.0,1.2,.817,0.5,3.7,4.2,3.2,0.9,0.3,0.9,1.3,9.1
408,Ricky Rubio\rubiori01,PG,28,UTA,50,49,28.7,4.6,11.2,.408,1.3,4.2,.322,3.2,7.1,.459,.468,2.5,3.0,.845,0.4,3.2,3.7,6.1,1.3,0.2,2.9,2.7,13.0
409,D'Angelo Russell\russeda01,PG,22,BRK,58,58,30.1,7.8,17.9,.436,2.7,7.4,.372,5.1,10.6,.480,.512,1.9,2.3,.824,0.6,3.2,3.8,6.6,1.1,0.3,3.0,1.7,20.3
410,Domantas Sabonis\sabondo01,C,22,IND,56,5,24.8,5.6,9.2,.606,0.1,0.3,.571,5.4,8.9,.607,.614,2.8,3.7,.745,2.5,6.8,9.2,2.7,0.7,0.4,2.2,3.2,14.1
411,Brandon Sampson\sampsbr01,SG,21,CHI,4,0,7.0,1.3,1.8,.714,0.5,1.0,.500,0.8,0.8,1.000,.857,0.0,0.0,,0.0,1.0,1.0,0.3,0.0,0.0,0.0,0.8,3.0
412,Dario Saric\saricda01,PF,24,TOT,56,16,24.8,3.6,8.3,.433,1.4,3.9,.368,2.2,4.4,.490,.519,1.5,1.7,.885,1.5,4.2,5.7,1.5,0.6,0.1,1.2,2.3,10.2
412,Dario Saric\saricda01,PF,24,PHI,13,13,30.5,3.7,10.2,.364,1.6,5.4,.300,2.1,4.8,.435,.443,2.1,2.3,.900,1.6,5.0,6.6,2.0,0.3,0.2,1.9,3.0,11.1
412,Dario Saric\saricda01,PF,24,MIN,43,3,23.1,3.6,7.8,.460,1.4,3.5,.400,2.2,4.3,.508,.549,1.3,1.5,.879,1.5,3.9,5.4,1.4,0.6,0.1,0.9,2.1,9.9
413,Tomas Satoransky\satorto01,SG,27,WAS,56,30,24.5,2.9,6.0,.488,0.8,1.8,.434,2.2,4.2,.511,.552,1.3,1.7,.789,0.9,2.3,3.2,4.3,1.0,0.2,1.3,2.1,8.0
414,Dennis Schroder\schrode01,PG,25,OKC,54,10,28.3,5.9,13.9,.426,1.5,4.2,.360,4.4,9.7,.454,.480,2.4,2.9,.821,0.4,2.9,3.4,4.1,0.9,0.1,2.3,2.3,15.7
415,Mike Scott\scottmi01,PF,30,TOT,56,0,14.6,1.8,4.5,.396,1.0,2.6,.382,0.8,1.9,.415,.506,0.2,0.3,.632,0.4,2.7,3.2,0.8,0.3,0.2,0.5,1.7,4.7
415,Mike Scott\scottmi01,PF,30,LAC,52,0,14.4,1.8,4.4,.400,1.0,2.6,.391,0.8,1.9,.412,.513,0.2,0.3,.667,0.5,2.9,3.3,0.8,0.3,0.2,0.5,1.7,4.8
415,Mike Scott\scottmi01,PF,30,PHI,4,0,17.5,1.8,5.0,.350,0.8,2.8,.273,1.0,2.3,.444,.425,0.0,0.3,.000,0.3,0.8,1.0,0.8,0.5,0.3,0.0,1.8,4.3
416,Thabo Sefolosha\sefolth01,SF,34,UTA,27,0,10.8,1.1,2.2,.492,0.5,1.1,.448,0.6,1.1,.533,.602,0.3,0.5,.571,0.1,2.6,2.7,0.4,0.9,0.1,0.6,0.9,2.9
417,Wayne Selden\seldewa01,SG,24,TOT,51,5,17.0,2.3,5.4,.415,0.8,2.1,.368,1.5,3.4,.444,.486,0.8,1.0,.755,0.4,1.2,1.6,1.3,0.3,0.1,0.9,1.6,6.1
417,Wayne Selden\seldewa01,SG,24,MEM,32,0,14.2,2.0,5.0,.404,0.6,2.0,.317,1.4,3.1,.459,.466,0.7,0.9,.759,0.5,0.9,1.4,1.1,0.3,0.2,0.7,1.5,5.4
417,Wayne Selden\seldewa01,SG,24,CHI,19,5,21.6,2.6,6.1,.431,1.0,2.3,.442,1.6,3.8,.425,.513,0.9,1.3,.750,0.3,1.6,1.9,1.5,0.4,0.1,1.3,1.9,7.2
418,Collin Sexton\sextoco01,PG,20,CLE,58,48,30.4,5.8,14.1,.408,1.1,2.7,.392,4.7,11.4,.412,.446,2.5,2.9,.846,0.8,2.3,3.1,2.9,0.5,0.1,2.2,2.4,15.1
419,Landry Shamet\shamela01,SG-PG,21,TOT,57,5,20.9,2.9,6.5,.445,1.9,4.6,.414,1.0,1.9,.518,.590,0.9,1.1,.823,0.3,1.2,1.5,1.2,0.5,0.1,0.5,1.9,8.6
419,Landry Shamet\shamela01,SG,21,PHI,54,4,20.5,2.8,6.4,.441,1.8,4.5,.404,1.0,1.9,.529,.584,0.8,1.0,.815,0.3,1.2,1.4,1.1,0.4,0.1,0.5,2.0,8.3
419,Landry Shamet\shamela01,PG,21,LAC,3,1,28.0,4.0,8.0,.500,3.0,5.3,.563,1.0,2.7,.375,.688,2.3,2.7,.875,0.7,1.3,2.0,3.0,1.3,0.0,1.0,1.3,13.3
420,Iman Shumpert\shumpim01,SG,28,TOT,45,40,26.0,3.0,8.1,.375,1.7,4.8,.358,1.3,3.3,.401,.482,0.8,0.9,.829,0.5,2.6,3.0,2.1,1.1,0.5,0.9,2.2,8.6
420,Iman Shumpert\shumpim01,SG,28,SAC,42,40,26.2,3.2,8.3,.382,1.8,4.8,.366,1.4,3.5,.404,.489,0.8,1.0,.829,0.5,2.6,3.1,2.2,1.1,0.5,0.9,2.2,8.9
420,Iman Shumpert\shumpim01,SG,28,HOU,3,0,23.0,1.3,5.7,.235,1.3,5.3,.250,0.0,0.3,.000,.353,0.0,0.0,,0.7,1.7,2.3,1.7,1.0,0.3,0.7,2.7,4.0
421,Pascal Siakam\siakapa01,PF,24,TOR,58,57,31.5,6.2,11.3,.551,0.8,2.4,.341,5.4,8.9,.608,.587,2.9,3.7,.790,1.6,5.4,7.0,2.8,1.0,0.7,1.8,3.0,16.1
422,Ben Simmons\simmobe01,PG,22,PHI,57,57,33.8,6.7,11.8,.571,0.0,0.1,.000,6.7,11.8,.573,.571,3.3,5.6,.586,2.2,6.8,9.0,7.9,1.3,0.7,3.6,2.5,16.8
423,Jonathon Simmons\simmojo02,SG-SF,29,TOT,44,9,19.9,2.5,6.6,.370,0.5,2.0,.244,2.0,4.7,.422,.406,1.3,1.7,.787,0.5,1.8,2.3,2.3,0.5,0.3,1.3,1.6,6.7
423,Jonathon Simmons\simmojo02,SG,29,ORL,41,9,20.6,2.5,7.0,.364,0.5,2.0,.229,2.1,5.0,.419,.397,1.4,1.8,.778,0.6,1.9,2.4,2.3,0.4,0.3,1.4,1.7,6.9
423,Jonathon Simmons\simmojo02,SF,29,PHI,3,0,10.7,1.3,2.0,.667,0.7,1.0,.667,0.7,1.0,.667,.833,1.0,1.0,1.000,0.0,1.0,1.0,1.3,0.7,0.0,0.3,1.3,4.3
424,Kobi Simmons\simmoko01,PG,21,CLE,1,0,2.0,0.0,0.0,,0.0,0.0,,0.0,0.0,,,0.0,0.0,,0.0,0.0,0.0,0.0,0.0,0.0,0.0,0.0,0.0
425,Anfernee Simons\simonan01,SG,19,POR,12,0,5.0,0.6,2.1,.280,0.0,0.8,.000,0.6,1.3,.438,.280,0.1,0.3,.250,0.0,0.6,0.6,0.3,0.0,0.0,0.6,0.3,1.3
426,Marcus Smart\smartma01,SG,24,BOS,57,37,27.0,2.8,6.9,.402,1.6,4.4,.359,1.2,2.5,.479,.517,1.2,1.6,.780,0.7,2.2,2.8,4.1,1.7,0.4,1.4,2.5,8.3
427,Dennis Smith\smithde03,PG,21,TOT,39,39,28.9,5.2,11.8,.437,1.3,3.9,.331,3.9,7.9,.489,.491,2.1,3.2,.643,0.6,2.4,3.0,4.6,1.3,0.4,3.0,2.6,13.7
427,Dennis Smith\smithde03,PG,21,DAL,32,32,28.4,4.9,11.2,.440,1.3,3.9,.344,3.6,7.3,.491,.500,1.8,2.6,.695,0.6,2.5,3.0,4.3,1.3,0.3,3.1,2.6,12.9
427,Dennis Smith\smithde03,PG,21,NYK,7,7,31.1,6.3,14.7,.427,1.0,3.7,.269,5.3,11.0,.481,.461,3.4,6.3,.545,0.9,1.9,2.7,6.0,1.7,0.4,2.3,3.0,17.0
428,Ish Smith\smithis01,PG,30,DET,30,0,22.3,3.3,8.3,.392,1.1,3.0,.352,2.2,5.3,.415,.456,0.6,0.8,.750,0.2,1.9,2.0,2.9,0.4,0.3,1.1,2.1,8.2
429,J.R. Smith\smithjr01,SG,33,CLE,11,4,20.2,2.5,7.2,.342,1.1,3.5,.308,1.4,3.6,.375,.418,0.7,0.9,.800,0.0,1.6,1.6,1.9,1.0,0.3,1.0,1.7,6.7
430,Jason Smith\smithja02,C-PF,32,TOT,18,1,9.4,1.1,2.8,.380,0.4,1.1,.368,0.7,1.7,.387,.450,0.7,0.8,.857,0.8,1.9,2.7,0.7,0.2,0.4,0.7,1.5,3.2
430,Jason Smith\smithja02,C,32,WAS,12,1,10.8,1.3,3.1,.405,0.3,0.8,.400,0.9,2.3,.407,.459,0.8,1.0,.833,0.9,2.2,3.1,1.0,0.1,0.4,0.6,1.8,3.7
430,Jason Smith\smithja02,PF,32,MIL,6,0,6.7,0.7,2.2,.308,0.5,1.5,.333,0.2,0.7,.250,.423,0.3,0.3,1.000,0.5,1.3,1.8,0.2,0.3,0.3,0.8,1.0,2.2
431,Tony Snell\snellto01,SG,27,MIL,57,8,17.3,2.2,4.8,.460,1.1,2.8,.403,1.1,2.1,.538,.576,0.6,0.6,.892,0.4,1.6,2.0,0.9,0.4,0.2,0.3,1.1,6.2
432,Ray Spalding\spaldra01,PF,21,DAL,1,0,1.0,0.0,0.0,,0.0,0.0,,0.0,0.0,,,0.0,0.0,,0.0,0.0,0.0,0.0,0.0,0.0,0.0,0.0,0.0
433,Omari Spellman\spellom01,PF,21,ATL,41,10,17.2,2.1,5.3,.394,1.0,2.8,.353,1.1,2.4,.440,.488,0.7,1.0,.714,1.5,2.6,4.1,0.9,0.6,0.6,0.6,1.5,5.9
434,Nik Stauskas\stausni01,SG,25,TOT,46,0,15.6,2.2,5.3,.409,1.0,2.9,.336,1.2,2.3,.500,.502,0.7,0.8,.895,0.2,1.6,1.8,1.4,0.3,0.1,0.9,0.8,6.0
434,Nik Stauskas\stausni01,SG,25,POR,44,0,15.3,2.2,5.2,.419,1.0,2.8,.344,1.2,2.4,.510,.513,0.7,0.8,.889,0.2,1.6,1.8,1.4,0.3,0.1,0.9,0.7,6.1
434,Nik Stauskas\stausni01,SG,25,CLE,2,0,21.5,1.5,6.5,.231,1.0,4.5,.222,0.5,2.0,.250,.308,1.0,1.0,1.000,0.5,2.0,2.5,0.5,0.5,0.5,1.0,2.5,5.0
435,D.J. Stephens\stephdj01,SG,28,MEM,1,0,7.0,1.0,2.0,.500,0.0,0.0,,1.0,2.0,.500,.500,0.0,0.0,,0.0,0.0,0.0,0.0,1.0,0.0,1.0,0.0,2.0
436,Lance Stephenson\stephla01,SG,28,LAL,56,0,16.1,2.8,6.4,.440,1.1,2.9,.383,1.7,3.6,.487,.526,0.8,1.1,.667,0.5,2.5,3.0,2.1,0.6,0.1,1.3,1.6,7.5
437,Edmond Sumner\sumneed01,PG,23,IND,17,2,9.8,0.9,2.9,.327,0.2,1.2,.200,0.7,1.7,.414,.367,0.3,0.7,.417,0.4,0.7,1.1,0.4,0.5,0.3,0.5,1.2,2.4
438,Caleb Swanigan\swanica01,PF,21,POR,18,0,8.1,0.8,2.4,.318,0.1,0.3,.200,0.7,2.2,.333,.330,0.3,0.4,.857,0.7,2.2,2.9,0.4,0.2,0.0,0.9,1.2,1.9
439,Jayson Tatum\tatumja01,SF,20,BOS,58,58,31.2,6.1,13.4,.453,1.6,4.2,.379,4.5,9.2,.487,.512,2.8,3.2,.860,1.0,5.3,6.3,1.9,1.0,0.8,1.5,2.2,16.5
440,Jeff Teague\teaguje01,PG,30,MIN,34,33,30.2,4.2,9.7,.429,0.9,2.5,.357,3.3,7.3,.453,.474,3.0,3.6,.815,0.4,2.2,2.5,8.1,1.1,0.4,2.3,2.1,12.2
441,Garrett Temple\templga01,SG,32,TOT,52,51,30.6,3.3,7.8,.432,1.5,4.2,.352,1.9,3.5,.527,.527,1.2,1.6,.741,0.4,2.6,3.0,1.4,1.0,0.5,1.1,2.7,9.3
441,Garrett Temple\templga01,SG,32,MEM,49,49,31.2,3.4,7.9,.429,1.5,4.3,.352,1.9,3.6,.520,.525,1.2,1.6,.750,0.4,2.7,3.1,1.4,1.0,0.5,1.1,2.7,9.4
441,Garrett Temple\templga01,SG,32,LAC,3,2,19.7,2.7,5.3,.500,1.0,3.0,.333,1.7,2.3,.714,.594,1.0,1.7,.600,0.7,1.0,1.7,1.0,0.3,0.3,0.7,2.7,7.3
442,Milos Teodosic\teodomi01,PG,31,LAC,15,0,10.0,1.1,2.7,.425,0.7,1.8,.370,0.5,0.9,.538,.550,0.3,0.5,.571,0.2,0.9,1.1,2.1,0.2,0.1,1.4,1.8,3.2
443,Jared Terrell\terreja01,SG,23,MIN,7,0,9.6,1.1,3.7,.308,0.6,1.6,.364,0.6,2.1,.267,.385,0.1,0.3,.500,0.1,0.3,0.4,1.0,0.4,0.1,1.0,1.1,3.0
444,Emanuel Terry\terryem01,PF,22,PHO,2,0,10.0,2.0,3.0,.667,0.0,0.0,,2.0,3.0,.667,.667,0.5,1.0,.500,1.0,2.0,3.0,0.5,1.5,0.0,1.0,2.0,4.5
445,Daniel Theis\theisda01,C,26,BOS,44,2,15.2,2.6,4.5,.578,0.5,1.1,.460,2.1,3.4,.617,.636,1.0,1.4,.742,1.5,2.5,4.0,1.2,0.3,0.6,0.5,2.6,6.8
446,Isaiah Thomas\thomais02,G,29,DEN,1,0,13.0,3.0,6.0,.500,2.0,5.0,.400,1.0,1.0,1.000,.667,0.0,0.0,,0.0,0.0,0.0,2.0,0.0,0.0,2.0,3.0,8.0
447,Khyri Thomas\thomakh01,SG,22,DET,17,0,8.9,1.0,2.7,.370,0.6,1.6,.370,0.4,1.1,.368,.478,0.4,0.5,.667,0.2,0.6,0.8,0.3,0.3,0.2,0.2,0.8,2.9
448,Lance Thomas\thomala01,PF,30,NYK,26,11,16.5,1.4,3.6,.387,0.3,1.4,.216,1.1,2.2,.500,.430,0.7,0.9,.826,0.4,2.0,2.4,0.5,0.6,0.2,0.5,2.0,3.8
449,Klay Thompson\thompkl01,SG,28,GSW,56,56,34.1,8.5,18.2,.469,3.0,7.5,.396,5.6,10.7,.520,.551,1.8,2.3,.810,0.4,3.6,4.0,2.2,1.1,0.7,1.5,2.1,21.9
450,Tristan Thompson\thomptr01,C,27,CLE,35,35,29.8,4.9,9.4,.526,0.0,0.0,,4.9,9.4,.526,.526,1.6,2.4,.647,4.4,6.7,11.1,2.1,0.8,0.5,1.4,2.3,11.5
451,Sindarius Thornwell\thornsi01,SG,24,LAC,41,1,6.0,0.4,1.0,.366,0.0,0.3,.154,0.3,0.7,.464,.390,0.4,0.6,.696,0.1,0.8,0.9,0.3,0.3,0.1,0.4,0.9,1.2
452,Anthony Tolliver\tollian01,PF,33,MIN,40,0,14.8,1.3,3.2,.397,1.0,2.8,.373,0.2,0.4,.563,.560,0.5,0.7,.750,0.3,1.9,2.2,0.5,0.3,0.3,0.5,1.3,4.1
453,Karl-Anthony Towns\townska01,C,23,MIN,57,57,33.1,8.4,16.4,.512,1.8,4.5,.389,6.6,11.9,.559,.566,4.6,5.4,.847,3.4,8.7,12.0,3.2,0.9,1.8,2.9,3.7,23.1
454,Gary Trent\trentga02,SG,20,POR,8,0,4.3,0.6,2.3,.278,0.4,1.0,.375,0.3,1.3,.200,.361,0.1,0.5,.250,0.0,0.5,0.5,0.1,0.0,0.1,0.1,0.1,1.8
455,Allonzo Trier\trieral01,SG,23,NYK,51,3,22.0,3.4,7.5,.446,0.7,1.8,.389,2.7,5.7,.464,.492,2.5,3.1,.833,0.5,2.5,3.0,1.9,0.4,0.3,1.8,1.6,9.9
456,P.J. Tucker\tuckepj01,PF,33,HOU,57,57,35.4,2.6,6.8,.392,1.7,4.8,.362,0.9,2.0,.465,.519,0.6,0.9,.647,1.6,4.7,6.3,1.3,1.6,0.5,0.9,3.1,7.6
457,Evan Turner\turneev01,PG,30,POR,56,2,23.6,3.2,6.8,.466,0.1,0.8,.152,3.0,6.0,.509,.475,1.1,1.5,.706,0.6,4.0,4.6,4.0,0.5,0.3,1.7,1.6,7.5
458,Myles Turner\turnemy01,C,22,IND,53,53,28.2,5.4,10.6,.509,0.9,2.3,.407,4.5,8.3,.538,.553,1.8,2.4,.721,1.3,5.7,7.0,1.6,0.7,2.7,1.4,2.6,13.5
459,Ekpe Udoh\udohek01,C,31,UTA,35,0,5.5,0.8,1.1,.718,0.0,0.0,,0.8,1.1,.718,.718,0.3,0.5,.625,0.3,0.8,1.1,0.4,0.1,0.5,0.2,0.7,1.9
460,Tyler Ulis\ulisty01,PG,23,CHI,1,0,1.0,0.0,0.0,,0.0,0.0,,0.0,0.0,,,0.0,0.0,,0.0,0.0,0.0,0.0,0.0,0.0,0.0,0.0,0.0
461,Jonas Valanciunas\valanjo01,C,26,TOT,32,10,19.0,5.1,8.9,.577,0.3,1.0,.281,4.8,7.9,.615,.593,2.6,3.2,.804,1.8,5.5,7.3,1.1,0.4,0.8,1.3,2.8,13.1
461,Jonas Valanciunas\valanjo01,C,26,TOR,30,10,18.8,5.0,8.6,.575,0.3,1.0,.300,4.7,7.6,.611,.593,2.6,3.1,.819,1.8,5.4,7.2,1.0,0.4,0.8,1.3,2.7,12.8
461,Jonas Valanciunas\valanjo01,C,26,MEM,2,0,22.0,7.5,12.5,.600,0.0,1.0,.000,7.5,11.5,.652,.600,2.5,4.0,.625,1.5,7.0,8.5,3.5,0.0,0.5,2.0,3.0,17.5
462,Jarred Vanderbilt\vandeja01,PF,19,DEN,3,0,4.7,0.0,1.3,.000,0.0,0.0,,0.0,1.3,.000,.000,0.3,0.7,.500,0.7,3.0,3.7,0.3,0.7,0.3,0.3,0.0,0.3
463,Fred VanVleet\vanvlfr01,PG,24,TOR,51,22,26.8,3.7,9.2,.403,1.7,4.5,.366,2.0,4.6,.439,.494,1.5,1.8,.833,0.4,2.3,2.7,4.6,0.9,0.2,1.3,1.8,10.5
464,Noah Vonleh\vonleno01,PF,23,NYK,58,48,25.6,2.9,6.5,.449,0.7,2.2,.341,2.2,4.3,.504,.507,1.6,2.3,.725,1.7,6.3,8.1,1.9,0.7,0.8,1.3,2.6,8.2
465,Nikola Vucevic\vucevni01,C,28,ORL,58,58,31.1,8.7,16.6,.521,1.1,2.9,.380,7.6,13.7,.552,.555,2.1,2.7,.779,2.7,9.4,12.1,3.8,0.9,1.1,2.0,1.9,20.5
466,Dwyane Wade\wadedw01,SG,37,MIA,46,0,25.4,5.3,12.3,.433,1.2,3.6,.323,4.1,8.6,.479,.480,2.2,3.2,.697,0.9,2.8,3.8,4.3,0.7,0.5,2.3,1.6,14.0
467,Moritz Wagner\wagnemo01,C,21,LAL,22,0,6.6,1.2,2.8,.426,0.5,1.4,.400,0.6,1.4,.452,.525,0.4,0.7,.600,0.4,1.1,1.5,0.4,0.2,0.1,0.5,0.8,3.3
468,Dion Waiters\waitedi01,SG,27,MIA,18,4,22.6,3.8,9.4,.408,2.0,5.8,.346,1.8,3.6,.508,.515,0.2,0.7,.333,0.1,2.2,2.3,2.7,0.6,0.1,1.2,0.9,9.9
469,Kemba Walker\walkeke02,PG,28,CHO,57,57,34.4,8.6,20.0,.431,3.3,9.1,.362,5.3,10.9,.488,.513,4.4,5.4,.830,0.6,3.8,4.4,5.6,1.3,0.5,2.5,1.6,24.9
470,Lonnie Walker\walkelo01,SG,20,SAS,6,0,9.5,0.7,3.5,.190,0.3,1.0,.333,0.3,2.5,.133,.238,0.7,0.7,1.000,0.0,1.7,1.7,0.3,0.5,0.2,0.7,0.5,2.3
471,John Wall\walljo01,PG,28,WAS,32,32,34.5,7.7,17.3,.444,1.6,5.3,.302,6.1,12.0,.507,.490,3.8,5.5,.697,0.5,3.2,3.6,8.7,1.5,0.9,3.8,2.2,20.7
472,Tyrone Wallace\wallaty01,PG,24,LAC,44,0,10.4,1.6,3.8,.425,0.0,0.3,.143,1.6,3.5,.451,.431,0.5,1.0,.489,0.4,1.2,1.6,0.6,0.4,0.2,0.5,1.3,3.8
473,Taurean Waller-Prince\princta02,SF,24,ATL,37,29,27.6,4.7,10.8,.440,2.2,5.8,.381,2.5,4.9,.508,.543,1.7,2.0,.838,0.5,3.2,3.7,1.9,1.0,0.4,2.0,2.6,13.4
474,Brad Wanamaker\wanambr01,PG,29,BOS,27,0,9.3,1.3,2.7,.472,0.6,1.1,.516,0.7,1.5,.439,.583,0.5,0.6,.933,0.1,0.9,1.0,1.4,0.3,0.0,0.5,0.7,3.6
475,T.J. Warren\warretj01,SF,25,PHO,43,36,31.6,6.9,14.2,.486,1.8,4.2,.428,5.1,10.0,.510,.549,2.3,2.9,.815,0.7,3.3,4.0,1.5,1.2,0.7,1.2,2.8,18.0
476,Julian Washburn\washbju01,SF,27,MEM,6,2,18.3,0.5,3.2,.158,0.2,1.3,.125,0.3,1.8,.182,.184,0.5,0.7,.750,0.7,2.7,3.3,0.5,0.7,0.0,0.5,0.8,1.7
477,Yuta Watanabe\watanyu01,SG,24,MEM,10,0,9.8,1.0,2.8,.357,0.2,0.9,.222,0.8,1.9,.421,.393,0.7,1.0,.700,0.1,1.8,1.9,0.4,0.2,0.1,0.4,0.3,2.9
478,Thomas Welsh\welshth01,C,22,DEN,9,0,3.7,0.6,1.1,.500,0.3,0.8,.429,0.2,0.3,.667,.650,0.1,0.2,.500,0.0,0.4,0.4,0.4,0.0,0.0,0.1,0.2,1.6
479,Russell Westbrook\westbru01,PG,30,OKC,49,49,35.6,8.2,19.7,.417,1.2,4.7,.249,7.0,15.0,.470,.447,4.1,6.3,.656,1.4,9.8,11.2,11.2,2.2,0.4,4.6,3.4,21.7
480,Derrick White\whitede01,PG,24,SAS,45,33,25.3,3.7,7.4,.500,0.7,1.9,.356,3.0,5.5,.551,.546,1.5,1.9,.770,0.5,2.9,3.4,3.6,1.0,0.5,1.5,2.1,9.6
481,Okaro White\whiteok01,PF,26,WAS,3,0,2.0,0.0,0.7,.000,0.0,0.7,.000,0.0,0.0,,.000,0.0,0.0,,0.3,0.3,0.7,0.0,0.0,0.0,0.0,0.0,0.0
482,Hassan Whiteside\whiteha01,C,29,MIA,50,50,25.4,5.5,10.1,.550,0.0,0.3,.133,5.5,9.8,.562,.552,1.7,3.9,.435,3.8,8.6,12.4,0.9,0.7,2.1,1.6,2.7,12.8
483,Andrew Wiggins\wiggian01,SF,23,MIN,51,51,34.7,6.6,16.7,.396,1.5,4.7,.331,5.1,12.0,.422,.443,3.1,4.4,.714,1.2,3.6,4.8,2.4,1.1,0.6,1.9,2.0,17.9
484,Alan Williams\willial03,PF,26,BRK,3,0,5.7,1.3,2.7,.500,0.0,0.3,.000,1.3,2.3,.571,.500,0.7,1.3,.500,1.0,3.7,4.7,0.7,0.0,0.0,0.3,0.7,3.3
485,C.J. Williams\willicj01,SG,28,MIN,9,0,7.4,0.8,1.9,.412,0.1,0.8,.143,0.7,1.1,.600,.441,0.0,0.0,,0.1,0.3,0.4,0.7,0.1,0.0,0.4,1.2,1.7
486,Johnathan Williams\willijo04,C,23,LAL,7,0,12.7,1.6,2.9,.550,0.0,0.0,,1.6,2.9,.550,.550,0.1,0.7,.200,1.6,1.4,3.0,0.6,0.1,0.6,0.3,2.9,3.3
487,Kenrich Williams\willike04,SF,24,NOP,23,6,17.3,2.0,4.7,.439,0.8,2.3,.346,1.3,2.4,.527,.523,0.3,0.6,.615,0.9,3.4,4.3,1.3,0.2,0.4,0.6,1.6,5.2
488,Lou Williams\willilo02,SG,32,LAC,53,0,26.1,6.4,14.9,.429,1.4,3.8,.372,5.0,11.2,.448,.476,5.7,6.3,.896,0.4,2.5,2.9,5.3,0.6,0.2,2.4,1.0,19.9
489,Marvin Williams\willima02,PF,32,CHO,56,56,28.3,3.7,8.8,.422,2.0,5.3,.375,1.7,3.5,.495,.535,0.9,1.2,.727,0.9,4.7,5.6,1.2,0.9,0.7,0.5,2.2,10.3
490,Robert Williams\williro04,C,21,BOS,23,0,8.7,1.2,1.7,.737,0.0,0.0,,1.2,1.7,.737,.737,0.3,0.4,.600,0.8,1.6,2.4,0.2,0.3,1.4,0.3,1.2,2.7
491,Troy Williams\willitr02,SF,24,SAC,18,0,15.9,2.2,4.8,.460,0.8,2.3,.341,1.4,2.6,.565,.540,0.5,0.8,.600,0.5,2.6,3.1,0.6,0.6,0.4,0.4,1.9,5.7
492,D.J. Wilson\wilsodj01,PF,22,MIL,29,0,18.2,2.1,4.9,.434,0.9,2.5,.375,1.2,2.4,.493,.528,0.4,1.0,.393,0.9,3.7,4.5,1.0,0.4,0.6,0.6,1.9,5.6
493,Justise Winslow\winslju01,PF,22,MIA,51,38,29.7,4.7,11.3,.422,1.4,3.9,.371,3.3,7.4,.448,.485,1.4,2.2,.646,1.0,4.5,5.5,4.1,1.0,0.3,2.2,2.6,12.4
494,Christian Wood\woodch01,PF,23,MIL,11,0,4.7,0.9,2.0,.455,0.2,0.4,.500,0.7,1.6,.444,.500,0.9,1.2,.769,0.4,1.3,1.6,0.2,0.0,0.0,0.2,0.2,2.9
495,Delon Wright\wrighde01,PG,26,TOT,52,3,18.9,2.6,6.1,.432,0.6,1.9,.323,2.0,4.2,.481,.483,1.1,1.3,.862,0.8,1.9,2.6,2.4,1.0,0.3,0.8,1.1,6.9
495,Delon Wright\wrighde01,PG,26,TOR,49,2,18.3,2.6,6.0,.433,0.6,1.8,.333,2.0,4.1,.478,.485,1.1,1.2,.869,0.8,1.8,2.6,2.2,0.9,0.3,0.8,1.1,6.9
495,Delon Wright\wrighde01,PG,26,MEM,3,1,28.0,3.0,7.3,.409,0.7,3.0,.222,2.3,4.3,.538,.455,1.0,1.3,.750,0.0,3.7,3.7,4.3,1.3,0.7,1.0,1.7,7.7
496,Guerschon Yabusele\yabusgu01,PF,23,BOS,29,0,5.7,0.7,1.6,.447,0.1,0.6,.235,0.6,1.0,.567,.489,0.3,0.4,.750,0.5,0.6,1.1,0.4,0.2,0.2,0.4,0.9,1.9
497,Nick Young\youngni01,SG,33,DEN,4,0,9.3,0.8,2.3,.333,0.8,2.0,.375,0.0,0.3,.000,.500,0.0,0.0,,0.0,0.3,0.3,0.5,0.0,0.3,0.5,1.0,2.3
498,Thaddeus Young\youngth01,PF,30,IND,58,58,30.2,5.5,10.3,.532,0.5,1.5,.356,4.9,8.8,.562,.558,1.0,1.6,.621,2.4,4.0,6.4,2.2,1.6,0.4,1.3,2.3,12.5
499,Trae Young\youngtr01,PG,20,ATL,58,58,30.1,5.8,14.3,.406,1.7,5.5,.312,4.1,8.8,.465,.466,3.6,4.4,.798,0.7,2.7,3.3,7.6,0.9,0.2,3.9,1.7,16.9
500,Cody Zeller\zelleco01,C,26,CHO,40,38,24.9,3.7,6.6,.555,0.1,0.5,.263,3.6,6.2,.577,.564,2.1,2.7,.792,2.3,4.3,6.7,2.1,0.8,0.8,1.2,3.2,9.6
501,Ante Zizic\zizican01,C,22,CLE,41,12,16.4,2.7,5.1,.519,0.0,0.0,,2.7,5.1,.519,.519,1.4,1.9,.734,1.6,3.4,5.0,0.7,0.2,0.4,0.8,1.8,6.7
502,Ivica Zubac\zubaciv01,C,21,TOT,36,15,16.0,3.4,5.9,.575,0.0,0.0,,3.4,5.9,.575,.575,1.9,2.2,.861,1.5,3.4,5.0,0.8,0.1,0.9,1.1,2.3,8.7
502,Ivica Zubac\zubaciv01,C,21,LAL,33,12,15.6,3.4,5.8,.580,0.0,0.0,,3.4,5.8,.580,.580,1.7,2.0,.864,1.6,3.3,4.9,0.8,0.1,0.8,1.0,2.2,8.5
502,Ivica Zubac\zubaciv01,C,21,LAC,3,3,20.0,3.3,6.3,.526,0.0,0.0,,3.3,6.3,.526,.526,3.7,4.3,.846,0.3,5.3,5.7,0.7,0.0,1.3,2.0,2.7,10.3
